,0
2007-10-08,0.0
2007-10-09,-38250.0
2007-10-11,38800.0
2007-10-12,-39800.0
2007-10-15,-7600.0
2007-10-16,15400.0
2007-10-17,-12400.0
2007-10-18,0.0
2007-10-19,-3600.0
2007-10-22,-73000.0
2007-10-23,22400.0
2007-10-24,14200.0
2007-10-25,24000.0
2007-10-26,22000.0
2007-10-29,37800.0
2007-10-30,-25800.0
2007-10-31,-24000.0
2007-11-01,-33600.0
2007-11-02,-89000.0
2007-11-05,1800.0
2007-11-06,10600.0
2007-11-07,6200.0
2007-11-08,-84000.0
2007-11-09,34000.0
2007-11-12,-72800.0
2007-11-13,31200.0
2007-11-14,45600.0
2007-11-15,-14000.0
2007-11-16,-35200.0
2007-11-19,-56800.0
2007-11-20,-5400.0
2007-11-21,-46400.0
2007-11-22,9800.0
2007-11-23,-40800.0
2007-11-26,54200.0
2007-11-27,-30600.0
2007-11-28,-37800.0
2007-11-29,49000.0
2007-11-30,45000.0
2007-12-03,15800.0
2007-12-04,-3800.0
2007-12-05,1400.0
2007-12-06,21000.0
2007-12-07,200.0
2007-12-10,-24200.0
2007-12-11,28000.0
2007-12-12,-18000.0
2007-12-13,-89400.0
2007-12-14,2200.0
2007-12-17,-64200.0
2007-12-18,-5800.0
2007-12-19,33000.0
2007-12-20,-35200.0
2007-12-21,25200.0
2007-12-24,34800.0
2007-12-25,6000.0
2007-12-26,10400.0
2007-12-27,31600.0
2007-12-28,14000.0
2007-12-31,26200.0
2008-01-02,-30200.0
2008-01-03,-17400.0
2008-01-04,42400.0
2008-01-07,-43000.0
2008-01-08,54600.0
2008-01-09,44600.0
2008-01-10,200.0
2008-01-11,-42400.0
2008-01-14,127600.0
2008-01-15,47400.0
2008-01-16,-68400.0
2008-01-17,-73400.0
2008-01-18,10200.0
2008-01-21,-17200.0
2008-01-22,-143200.0
2008-01-23,-33200.0
2008-01-24,38200.0
2008-01-25,28400.0
2008-01-28,-58200.0
2008-01-29,-23200.0
2008-01-30,-18400.0
2008-01-31,-30800.0
2008-02-01,67200.0
2008-02-12,15800.0
2008-02-13,6600.0
2008-02-14,82600.0
2008-02-15,-15000.0
2008-02-18,4000.0
2008-02-19,28000.0
2008-02-20,-37000.0
2008-02-21,38800.0
2008-02-22,2200.0
2008-02-25,64200.0
2008-02-26,-6200.0
2008-02-27,17800.0
2008-02-29,23600.0
2008-03-03,15800.0
2008-03-04,77000.0
2008-03-05,27800.0
2008-03-06,-16000.0
2008-03-07,-43000.0
2008-03-10,-42600.0
2008-03-11,25800.0
2008-03-12,8600.0
2008-03-13,-83200.0
2008-03-14,-13800.0
2008-03-17,-13000.0
2008-03-18,25800.0
2008-03-19,31600.0
2008-03-20,41800.0
2008-03-21,88400.0
2008-03-24,78800.0
2008-03-25,-65400.0
2008-03-26,13200.0
2008-03-27,-43800.0
2008-03-28,23200.0
2008-03-31,-34200.0
2008-04-01,-91800.0
2008-04-02,38000.0
2008-04-03,-9400.0
2008-04-07,43000.0
2008-04-08,-7200.0
2008-04-09,22000.0
2008-04-10,36200.0
2008-04-11,7000.0
2008-04-14,24000.0
2008-04-15,400.0
2008-04-16,33800.0
2008-04-17,-19000.0
2008-04-18,26800.0
2008-04-21,-24000.0
2008-04-22,-21000.0
2008-04-23,-11000.0
2008-04-24,2800.0
2008-04-25,-11400.0
2008-04-28,30400.0
2008-04-29,-62400.0
2008-04-30,-3800.0
2008-05-02,15600.0
2008-05-05,-21200.0
2008-05-06,-13400.0
2008-05-07,13200.0
2008-05-08,14400.0
2008-05-09,-17400.0
2008-05-12,21400.0
2008-05-13,40600.0
2008-05-14,600.0
2008-05-15,39600.0
2008-05-16,4800.0
2008-05-19,60800.0
2008-05-20,-72800.0
2008-05-21,-14800.0
2008-05-22,-9000.0
2008-05-23,-40600.0
2008-05-26,-10600.0
2008-05-27,17000.0
2008-05-28,-48600.0
2008-05-29,10200.0
2008-05-30,-37400.0
2008-06-02,12000.0
2008-06-03,-41200.0
2008-06-04,8600.0
2008-06-05,32400.0
2008-06-06,9400.0
2008-06-09,-38200.0
2008-06-10,-53600.0
2008-06-11,-11400.0
2008-06-12,-74600.0
2008-06-13,2600.0
2008-06-16,32000.0
2008-06-17,8800.0
2008-06-18,21200.0
2008-06-19,-90200.0
2008-06-20,-56200.0
2008-06-23,-16800.0
2008-06-24,-18000.0
2008-06-25,-4000.0
2008-06-26,-1000.0
2008-06-27,-73600.0
2008-06-30,5200.0
2008-07-01,-37000.0
2008-07-02,1200.0
2008-07-03,8800.0
2008-07-04,-58400.0
2008-07-07,56400.0
2008-07-08,-67400.0
2008-07-09,23000.0
2008-07-10,17400.0
2008-07-11,30600.0
2008-07-14,-7000.0
2008-07-15,-99200.0
2008-07-16,-15600.0
2008-07-17,-4400.0
2008-07-18,-49600.0
2008-07-21,61400.0
2008-07-22,7600.0
2008-07-23,89800.0
2008-07-24,19000.0
2008-07-25,-22400.0
2008-07-29,-63600.0
2008-07-30,26000.0
2008-07-31,-1400.0
2008-08-01,-24600.0
2008-08-04,-10000.0
2008-08-05,-67800.0
2008-08-06,34000.0
2008-08-07,-9200.0
2008-08-08,23800.0
2008-08-11,5600.0
2008-08-12,-22600.0
2008-08-13,6400.0
2008-08-14,26000.0
2008-08-15,-33400.0
2008-08-18,-55200.0
2008-08-19,-10400.0
2008-08-20,25400.0
2008-08-21,-29000.0
2008-08-22,-1600.0
2008-08-25,40000.0
2008-08-26,-32400.0
2008-08-27,13000.0
2008-08-28,-1000.0
2008-08-29,9400.0
2008-09-01,-31000.0
2008-09-02,-15200.0
2008-09-03,-40200.0
2008-09-04,-43600.0
2008-09-05,-55000.0
2008-09-08,84000.0
2008-09-09,-48200.0
2008-09-10,3800.0
2008-09-11,-49600.0
2008-09-12,14000.0
2008-09-15,-61800.0
2008-09-16,-76000.0
2008-09-17,5800.0
2008-09-18,-41800.0
2008-09-19,88600.0
2008-09-22,45400.0
2008-09-23,5600.0
2008-09-24,4600.0
2008-09-25,-27200.0
2008-09-26,-46600.0
2008-09-30,-56600.0
2008-10-01,33200.0
2008-10-02,400.0
2008-10-03,-4000.0
2008-10-06,-39800.0
2008-10-07,3800.0
2008-10-08,-76800.0
2008-10-09,-3000.0
2008-10-13,-29800.0
2008-10-14,80200.0
2008-10-15,2000.0
2008-10-16,-52000.0
2008-10-17,-32400.0
2008-10-20,-4200.0
2008-10-21,12600.0
2008-10-22,-33000.0
2008-10-23,-35200.0
2008-10-24,-38400.0
2008-10-27,-74400.0
2008-10-28,61200.0
2008-10-29,-400.0
2008-10-30,73400.0
2008-10-31,76600.0
2008-11-03,58400.0
2008-11-04,-7400.0
2008-11-05,-11600.0
2008-11-06,-72600.0
2008-11-07,27200.0
2008-11-10,40000.0
2008-11-11,-30000.0
2008-11-12,-9000.0
2008-11-13,-36600.0
2008-11-14,31600.0
2008-11-17,14400.0
2008-11-18,-7800.0
2008-11-19,-21000.0
2008-11-20,-84400.0
2008-11-21,30800.0
2008-11-24,-17200.0
2008-11-25,14000.0
2008-11-26,17000.0
2008-11-27,43200.0
2008-11-28,-8200.0
2008-12-01,19400.0
2008-12-02,-35400.0
2008-12-03,3400.0
2008-12-04,-30400.0
2008-12-05,-2600.0
2008-12-08,59400.0
2008-12-09,-11800.0
2008-12-10,24400.0
2008-12-11,-8800.0
2008-12-12,-30200.0
2008-12-15,19200.0
2008-12-16,-19400.0
2008-12-17,23800.0
2008-12-18,21600.0
2008-12-19,-11400.0
2008-12-22,-41000.0
2008-12-23,-33000.0
2008-12-24,2000.0
2008-12-25,3200.0
2008-12-26,-2400.0
2008-12-29,3000.0
2008-12-30,25800.0
2008-12-31,-7600.0
2009-01-05,8600.0
2009-01-06,29800.0
2009-01-07,16000.0
2009-01-08,-54200.0
2009-01-09,-2800.0
2009-01-10,-10400.0
2009-01-12,10800.0
2009-01-13,-6000.0
2009-01-14,4200.0
2009-01-15,-70800.0
2009-01-16,12000.0
2009-01-17,16200.0
2009-01-19,-5200.0
2009-01-20,-28400.0
2009-01-21,7600.0
2009-02-02,-36800.0
2009-02-03,29800.0
2009-02-04,16800.0
2009-02-05,-7200.0
2009-02-06,22600.0
2009-02-09,-3600.0
2009-02-10,7800.0
2009-02-11,7600.0
2009-02-12,-15000.0
2009-02-13,22800.0
2009-02-16,-8800.0
2009-02-17,-400.0
2009-02-18,3600.0
2009-02-19,-29000.0
2009-02-20,-17000.0
2009-02-23,12600.0
2009-02-24,-15000.0
2009-02-25,19800.0
2009-02-26,-2400.0
2009-02-27,7400.0
2009-03-02,-42200.0
2009-03-03,-8800.0
2009-03-04,30800.0
2009-03-05,23800.0
2009-03-06,-13400.0
2009-03-09,19000.0
2009-03-10,14600.0
2009-03-11,38000.0
2009-03-12,-3600.0
2009-03-13,31800.0
2009-03-16,27600.0
2009-03-17,26800.0
2009-03-18,-6400.0
2009-03-19,-23000.0
2009-03-20,18000.0
2009-03-23,35400.0
2009-03-24,30200.0
2009-03-25,12400.0
2009-03-26,-2200.0
2009-03-27,-14200.0
2009-03-30,-41800.0
2009-03-31,11800.0
2009-04-01,31800.0
2009-04-02,54400.0
2009-04-03,0.0
2009-04-06,8600.0
2009-04-07,12400.0
2009-04-08,-18200.0
2009-04-09,54000.0
2009-04-10,44800.0
2009-04-13,11000.0
2009-04-14,-13200.0
2009-04-15,4800.0
2009-04-16,29400.0
2009-04-17,-60800.0
2009-04-20,-16600.0
2009-04-21,42400.0
2009-04-22,-14000.0
2009-04-23,13000.0
2009-04-24,-2600.0
2009-04-27,-39400.0
2009-04-28,-52800.0
2009-04-29,17800.0
2009-04-30,94800.0
2009-05-04,101200.0
2009-05-05,15200.0
2009-05-06,6200.0
2009-05-07,28600.0
2009-05-08,-14600.0
2009-05-11,11400.0
2009-05-12,-23000.0
2009-05-13,-4600.0
2009-05-14,-25600.0
2009-05-15,31200.0
2009-05-18,24400.0
2009-05-19,10200.0
2009-05-20,-11400.0
2009-05-21,-2000.0
2009-05-22,9400.0
2009-05-25,17600.0
2009-05-26,8000.0
2009-05-27,29400.0
2009-06-01,24800.0
2009-06-02,-10000.0
2009-06-03,-13200.0
2009-06-04,-24800.0
2009-06-05,-4600.0
2009-06-06,19800.0
2009-06-08,-42800.0
2009-06-09,-52400.0
2009-06-10,-1200.0
2009-06-11,22400.0
2009-06-12,-5200.0
2009-06-15,-53200.0
2009-06-16,9800.0
2009-06-17,-6200.0
2009-06-18,-28600.0
2009-06-19,14600.0
2009-06-22,10000.0
2009-06-23,-40600.0
2009-06-24,44600.0
2009-06-25,31400.0
2009-06-26,4400.0
2009-06-29,-13400.0
2009-06-30,-2200.0
2009-07-01,38800.0
2009-07-02,19600.0
2009-07-03,-3200.0
2009-07-06,9600.0
2009-07-07,2400.0
2009-07-08,-19200.0
2009-07-09,23000.0
2009-07-10,-2000.0
2009-07-13,-75800.0
2009-07-14,20600.0
2009-07-15,48400.0
2009-07-16,-21600.0
2009-07-17,14400.0
2009-07-20,28400.0
2009-07-21,5400.0
2009-07-22,4600.0
2009-07-23,-1800.0
2009-07-24,3800.0
2009-07-27,6400.0
2009-07-28,19600.0
2009-07-29,3400.0
2009-07-30,-20200.0
2009-07-31,7200.0
2009-08-03,1200.0
2009-08-04,-1200.0
2009-08-05,-21800.0
2009-08-06,-400.0
2009-08-10,5200.0
2009-08-11,12800.0
2009-08-12,-11800.0
2009-08-13,41000.0
2009-08-14,26400.0
2009-08-17,-30200.0
2009-08-18,-30400.0
2009-08-19,-10800.0
2009-08-20,-40000.0
2009-08-21,-17400.0
2009-08-24,56400.0
2009-08-25,-13600.0
2009-08-26,-21200.0
2009-08-27,-13200.0
2009-08-28,17400.0
2009-08-31,7600.0
2009-09-01,40000.0
2009-09-02,800.0
2009-09-03,20600.0
2009-09-04,600.0
2009-09-07,12800.0
2009-09-08,34000.0
2009-09-09,-2800.0
2009-09-10,28400.0
2009-09-11,6200.0
2009-09-14,-23000.0
2009-09-15,18400.0
2009-09-16,21800.0
2009-09-17,14400.0
2009-09-18,-12600.0
2009-09-21,3000.0
2009-09-22,-12200.0
2009-09-23,-25800.0
2009-09-24,-14400.0
2009-09-25,-200.0
2009-09-28,2800.0
2009-09-29,17000.0
2009-09-30,21000.0
2009-10-01,15400.0
2009-10-02,-48200.0
2009-10-05,6800.0
2009-10-06,25400.0
2009-10-07,33600.0
2009-10-08,-9400.0
2009-10-09,20600.0
2009-10-12,4000.0
2009-10-13,-7800.0
2009-10-14,23000.0
2009-10-15,-1600.0
2009-10-16,-4600.0
2009-10-19,14800.0
2009-10-20,-10200.0
2009-10-21,-4800.0
2009-10-22,-25600.0
2009-10-23,11200.0
2009-10-26,16600.0
2009-10-27,-11600.0
2009-10-28,-24400.0
2009-10-29,-45200.0
2009-10-30,-18800.0
2009-11-02,-3800.0
2009-11-03,1400.0
2009-11-04,42400.0
2009-11-05,-10200.0
2009-11-06,20600.0
2009-11-09,23600.0
2009-11-10,11600.0
2009-11-11,14200.0
2009-11-12,5000.0
2009-11-13,-1600.0
2009-11-16,25000.0
2009-11-17,-11000.0
2009-11-18,18800.0
2009-11-19,-32000.0
2009-11-20,-6000.0
2009-11-23,-1200.0
2009-11-24,8000.0
2009-11-25,18200.0
2009-11-26,-12600.0
2009-11-27,-71400.0
2009-11-30,23400.0
2009-12-01,24000.0
2009-12-02,8000.0
2009-12-03,-1400.0
2009-12-04,-22000.0
2009-12-07,33200.0
2009-12-08,-4200.0
2009-12-09,9200.0
2009-12-10,-43200.0
2009-12-11,44000.0
2009-12-14,22000.0
2009-12-15,-12600.0
2009-12-16,-10600.0
2009-12-17,-25400.0
2009-12-18,6200.0
2009-12-21,3400.0
2009-12-22,20200.0
2009-12-23,-6600.0
2009-12-24,20000.0
2009-12-25,-2400.0
2009-12-28,21000.0
2009-12-29,-1400.0
2009-12-30,6200.0
2009-12-31,22400.0
2010-01-04,-3200.0
2010-01-05,20800.0
2010-01-06,46800.0
2010-01-07,-8800.0
2010-01-08,9400.0
2010-01-11,20800.0
2010-01-12,-13200.0
2010-01-13,-19000.0
2010-01-14,4400.0
2010-01-15,4600.0
2010-01-18,4600.0
2010-01-19,-21400.0
2010-01-20,-11400.0
2010-01-21,-10800.0
2010-01-22,-45800.0
2010-01-25,-19800.0
2010-01-26,-72800.0
2010-01-27,600.0
2010-01-28,21000.0
2010-01-29,-17000.0
2010-02-01,-1600.0
2010-02-02,-45800.0
2010-02-03,16400.0
2010-02-04,1200.0
2010-02-05,-58800.0
2010-02-06,-9400.0
2010-02-08,1800.0
2010-02-09,38200.0
2010-02-10,29000.0
2010-02-22,31600.0
2010-02-23,16000.0
2010-02-24,-6600.0
2010-02-25,-22400.0
2010-02-26,8000.0
2010-03-01,42800.0
2010-03-02,2200.0
2010-03-03,9200.0
2010-03-04,-19800.0
2010-03-05,30200.0
2010-03-08,12800.0
2010-03-09,-5200.0
2010-03-10,2200.0
2010-03-11,-3000.0
2010-03-12,3600.0
2010-03-15,-23800.0
2010-03-16,14600.0
2010-03-17,30600.0
2010-03-18,-2200.0
2010-03-19,6000.0
2010-03-22,-10600.0
2010-03-23,-5200.0
2010-03-24,2400.0
2010-03-25,0.0
2010-03-26,8400.0
2010-03-29,25400.0
2010-03-30,5800.0
2010-03-31,-13000.0
2010-04-01,30000.0
2010-04-02,2400.0
2010-04-06,11000.0
2010-04-07,14600.0
2010-04-08,21600.0
2010-04-09,-16800.0
2010-04-12,11600.0
2010-04-13,-21600.0
2010-04-14,26000.0
2010-04-15,23800.0
2010-04-16,-8800.0
2010-04-19,-78600.0
2010-04-20,1000.0
2010-04-21,14800.0
2010-04-22,-22200.0
2010-04-23,2200.0
2010-04-26,50000.0
2010-04-27,-2000.0
2010-04-28,-20000.0
2010-04-29,8600.0
2010-04-30,-2600.0
2010-05-03,-13000.0
2010-05-04,-25400.0
2010-05-05,-52400.0
2010-05-06,-16000.0
2010-05-07,-18200.0
2010-05-10,33200.0
2010-05-11,-23000.0
2010-05-12,6600.0
2010-05-13,45000.0
2010-05-14,-400.0
2010-05-17,-30600.0
2010-05-18,11200.0
2010-05-19,-5600.0
2010-05-20,-57800.0
2010-05-21,-41800.0
2010-05-24,12600.0
2010-05-25,-55400.0
2010-05-26,2000.0
2010-05-27,27400.0
2010-05-28,15600.0
2010-05-31,17400.0
2010-06-01,-30000.0
2010-06-02,-20000.0
2010-06-03,42000.0
2010-06-04,-3200.0
2010-06-07,-43600.0
2010-06-08,19800.0
2010-06-09,-24200.0
2010-06-10,29400.0
2010-06-11,31800.0
2010-06-14,25600.0
2010-06-15,21000.0
2010-06-17,22000.0
2010-06-18,-55200.0
2010-06-21,46800.0
2010-06-22,-6200.0
2010-06-23,-10800.0
2010-06-24,1400.0
2010-06-25,-30400.0
2010-06-28,13200.0
2010-06-29,-33000.0
2010-06-30,-17000.0
2010-07-01,-4600.0
2010-07-02,6400.0
2010-07-05,39000.0
2010-07-06,35000.0
2010-07-07,-1000.0
2010-07-08,10400.0
2010-07-09,3000.0
2010-07-12,-8000.0
2010-07-13,5400.0
2010-07-14,22000.0
2010-07-15,11600.0
2010-07-16,-2600.0
2010-07-19,-4800.0
2010-07-20,12000.0
2010-07-21,-1200.0
2010-07-22,-20600.0
2010-07-23,26800.0
2010-07-26,3000.0
2010-07-27,-19200.0
2010-07-28,18200.0
2010-07-29,7200.0
2010-07-30,-8800.0
2010-08-02,45400.0
2010-08-03,14600.0
2010-08-04,12600.0
2010-08-05,5200.0
2010-08-06,15000.0
2010-08-09,15200.0
2010-08-10,-6800.0
2010-08-11,-9200.0
2010-08-12,-11800.0
2010-08-13,23800.0
2010-08-16,12600.0
2010-08-17,2400.0
2010-08-18,-4200.0
2010-08-19,-12000.0
2010-08-20,10600.0
2010-08-23,18800.0
2010-08-24,-16400.0
2010-08-25,-59200.0
2010-08-26,-13200.0
2010-08-27,19400.0
2010-08-30,18200.0
2010-08-31,-28600.0
2010-09-01,28000.0
2010-09-02,14200.0
2010-09-03,0.0
2010-09-06,32800.0
2010-09-07,4600.0
2010-09-08,-4600.0
2010-09-09,-12000.0
2010-09-10,14400.0
2010-09-13,48400.0
2010-09-14,5400.0
2010-09-15,9400.0
2010-09-16,-18400.0
2010-09-17,23000.0
2010-09-20,14200.0
2010-09-21,-6600.0
2010-09-23,3000.0
2010-09-24,-5600.0
2010-09-27,15200.0
2010-09-28,-5000.0
2010-09-29,9400.0
2010-09-30,-3000.0
2010-10-01,12800.0
2010-10-04,19600.0
2010-10-05,-3800.0
2010-10-06,26800.0
2010-10-07,-7000.0
2010-10-08,-9800.0
2010-10-11,-28400.0
2010-10-12,-8600.0
2010-10-13,12400.0
2010-10-14,52600.0
2010-10-15,7000.0
2010-10-18,-33400.0
2010-10-19,-17600.0
2010-10-20,12600.0
2010-10-21,9400.0
2010-10-22,5800.0
2010-10-25,42200.0
2010-10-26,13400.0
2010-10-27,-4800.0
2010-10-28,2000.0
2010-10-29,-20600.0
2010-11-01,34400.0
2010-11-02,-3400.0
2010-11-03,-9200.0
2010-11-04,13200.0
2010-11-05,48600.0
2010-11-08,17200.0
2010-11-09,2200.0
2010-11-10,-10800.0
2010-11-11,-2600.0
2010-11-12,-51400.0
2010-11-15,-31000.0
2010-11-16,9400.0
2010-11-17,-14800.0
2010-11-18,27600.0
2010-11-19,-12400.0
2010-11-22,13600.0
2010-11-23,-13400.0
2010-11-24,3200.0
2010-11-25,-7600.0
2010-11-26,-19000.0
2010-11-29,29000.0
2010-11-30,11600.0
2010-12-01,42600.0
2010-12-02,10000.0
2010-12-03,-15000.0
2010-12-06,26600.0
2010-12-07,7000.0
2010-12-08,-2800.0
2010-12-09,11600.0
2010-12-10,-27400.0
2010-12-13,0.0
2010-12-14,12400.0
2010-12-15,14400.0
2010-12-16,17000.0
2010-12-17,0.0
2010-12-20,-10200.0
2010-12-21,19000.0
2010-12-22,-8800.0
2010-12-23,19400.0
2010-12-24,-3800.0
2010-12-27,4600.0
2010-12-28,-1000.0
2010-12-29,3200.0
2010-12-30,10200.0
2010-12-31,21400.0
2011-01-03,16600.0
2011-01-04,-10400.0
2011-01-05,-31200.0
2011-01-06,-6600.0
2011-01-07,-49600.0
2011-01-10,5800.0
2011-01-11,32600.0
2011-01-12,8000.0
2011-01-13,-4200.0
2011-01-14,2800.0
2011-01-17,-19200.0
2011-01-18,11000.0
2011-01-19,23600.0
2011-01-20,-16000.0
2011-01-21,-19800.0
2011-01-24,4200.0
2011-01-25,7400.0
2011-01-26,14000.0
2011-01-27,-2800.0
2011-01-28,18800.0
2011-02-08,31000.0
2011-02-09,-600.0
2011-02-10,-37600.0
2011-02-11,-63200.0
2011-02-14,-2600.0
2011-02-15,14600.0
2011-02-16,2200.0
2011-02-17,-16800.0
2011-02-18,53600.0
2011-02-21,9200.0
2011-02-22,-48000.0
2011-02-23,-34400.0
2011-02-24,-2000.0
2011-02-25,0.0
2011-03-01,7400.0
2011-03-02,-35600.0
2011-03-03,35400.0
2011-03-04,-2600.0
2011-03-07,-15200.0
2011-03-08,11200.0
2011-03-09,7400.0
2011-03-10,-24000.0
2011-03-11,-7400.0
2011-03-14,22400.0
2011-03-15,-48400.0
2011-03-16,22400.0
2011-03-17,8400.0
2011-03-18,6000.0
2011-03-21,21000.0
2011-03-22,400.0
2011-03-23,21200.0
2011-03-24,5600.0
2011-03-25,2600.0
2011-03-28,-1000.0
2011-03-29,29000.0
2011-03-30,5200.0
2011-03-31,3200.0
2011-04-01,21800.0
2011-04-06,26000.0
2011-04-07,22600.0
2011-04-08,8000.0
2011-04-11,4400.0
2011-04-12,-29600.0
2011-04-13,21600.0
2011-04-14,1000.0
2011-04-15,-32600.0
2011-04-18,8800.0
2011-04-19,-14800.0
2011-04-20,31200.0
2011-04-21,72000.0
2011-04-22,-7000.0
2011-04-25,-600.0
2011-04-26,-2800.0
2011-04-27,31200.0
2011-04-28,-18400.0
2011-04-29,3200.0
2011-05-03,-20400.0
2011-05-04,-9400.0
2011-05-05,28400.0
2011-05-06,-19800.0
2011-05-09,10200.0
2011-05-10,15200.0
2011-05-11,-1800.0
2011-05-12,800.0
2011-05-13,-12000.0
2011-05-16,-19600.0
2011-05-17,2000.0
2011-05-18,9200.0
2011-05-19,-27200.0
2011-05-20,-8200.0
2011-05-23,-14200.0
2011-05-24,-1400.0
2011-05-25,-16000.0
2011-05-26,18800.0
2011-05-27,-4400.0
2011-05-30,-4000.0
2011-05-31,56800.0
2011-06-01,11200.0
2011-06-02,-9000.0
2011-06-03,6600.0
2011-06-07,-6200.0
2011-06-08,-14000.0
2011-06-09,-1000.0
2011-06-10,-51400.0
2011-06-13,-22600.0
2011-06-14,21600.0
2011-06-15,16400.0
2011-06-16,-101800.0
2011-06-17,11400.0
2011-06-20,-21200.0
2011-06-21,10200.0
2011-06-22,-21400.0
2011-06-23,-1400.0
2011-06-24,7800.0
2011-06-27,-14400.0
2011-06-28,-13200.0
2011-06-29,54800.0
2011-06-30,22200.0
2011-07-01,9200.0
2011-07-04,12400.0
2011-07-05,24800.0
2011-07-06,7000.0
2011-07-07,16600.0
2011-07-08,7600.0
2011-07-11,800.0
2011-07-12,-36800.0
2011-07-13,34000.0
2011-07-14,11800.0
2011-07-15,30400.0
2011-07-18,-200.0
2011-07-19,-600.0
2011-07-20,19400.0
2011-07-21,-2200.0
2011-07-22,21600.0
2011-07-25,-22000.0
2011-07-26,20800.0
2011-07-27,600.0
2011-07-28,1800.0
2011-07-29,-15600.0
2011-08-01,-27200.0
2011-08-02,-61200.0
2011-08-03,-16200.0
2011-08-04,-50400.0
2011-08-05,-133800.0
2011-08-08,-66800.0
2011-08-09,18200.0
2011-08-10,18600.0
2011-08-11,3600.0
2011-08-12,-28000.0
2011-08-15,60800.0
2011-08-16,-3800.0
2011-08-17,6200.0
2011-08-18,-62600.0
2011-08-19,-53200.0
2011-08-22,-1400.0
2011-08-23,66000.0
2011-08-24,-39600.0
2011-08-25,-17000.0
2011-08-26,10400.0
2011-08-29,29400.0
2011-08-30,14000.0
2011-08-31,33000.0
2011-09-01,-3400.0
2011-09-02,4400.0
2011-09-05,-67800.0
2011-09-06,-35600.0
2011-09-07,38000.0
2011-09-08,-3200.0
2011-09-09,9600.0
2011-09-13,-62800.0
2011-09-14,-47600.0
2011-09-15,54000.0
2011-09-16,48000.0
2011-09-19,-30600.0
2011-09-20,-3000.0
2011-09-21,8000.0
2011-09-22,-83800.0
2011-09-23,-54600.0
2011-09-26,-44800.0
2011-09-27,68000.0
2011-09-28,-17600.0
2011-09-29,28600.0
2011-09-30,-200.0
2011-10-03,-49800.0
2011-10-04,13400.0
2011-10-05,-22600.0
2011-10-06,58800.0
2011-10-07,44400.0
2011-10-11,45800.0
2011-10-12,-12400.0
2011-10-13,6600.0
2011-10-14,-21400.0
2011-10-17,34200.0
2011-10-18,-32400.0
2011-10-19,4600.0
2011-10-20,-30800.0
2011-10-21,13400.0
2011-10-24,65800.0
2011-10-25,-6600.0
2011-10-26,27200.0
2011-10-27,24600.0
2011-10-28,11600.0
2011-10-31,-26000.0
2011-11-01,23400.0
2011-11-02,-17400.0
2011-11-03,-36600.0
2011-11-04,54600.0
2011-11-07,-4400.0
2011-11-08,-17400.0
2011-11-09,17400.0
2011-11-10,-78600.0
2011-11-11,10000.0
2011-11-14,47400.0
2011-11-15,-11600.0
2011-11-16,-37400.0
2011-11-17,-10600.0
2011-11-18,-56000.0
2011-11-21,-54800.0
2011-11-22,5200.0
2011-11-23,-52600.0
2011-11-24,22000.0
2011-11-25,-23800.0
2011-11-28,35800.0
2011-11-29,14200.0
2011-11-30,-28600.0
2011-12-01,86000.0
2011-12-02,-11600.0
2011-12-05,-2200.0
2011-12-06,-53400.0
2011-12-07,38200.0
2011-12-08,-22600.0
2011-12-09,-18400.0
2011-12-12,19600.0
2011-12-13,-22000.0
2011-12-14,10800.0
2011-12-15,-51800.0
2011-12-16,1800.0
2011-12-19,-32600.0
2011-12-20,6000.0
2011-12-21,65400.0
2011-12-22,2600.0
2011-12-23,34000.0
2011-12-26,2200.0
2011-12-27,-1800.0
2011-12-28,-13000.0
2011-12-29,5600.0
2011-12-30,-10600.0
2012-01-02,-27200.0
2012-01-03,25800.0
2012-01-04,-4600.0
2012-01-05,15800.0
2012-01-06,-5600.0
2012-01-09,3400.0
2012-01-10,34600.0
2012-01-11,2600.0
2012-01-12,-1000.0
2012-01-13,-11200.0
2012-01-16,-10200.0
2012-01-17,34000.0
2012-01-18,-6200.0
2012-01-30,31400.0
2012-01-31,20600.0
2012-02-01,6000.0
2012-02-02,25400.0
2012-02-03,-5400.0
2012-02-04,16600.0
2012-02-06,-2600.0
2012-02-07,7400.0
2012-02-08,39800.0
2012-02-09,1400.0
2012-02-10,-4000.0
2012-02-13,17200.0
2012-02-14,-13400.0
2012-02-15,33200.0
2012-02-16,-15800.0
2012-02-17,12200.0
2012-02-20,22000.0
2012-02-21,-1200.0
2012-02-22,10800.0
2012-02-23,-8200.0
2012-02-24,-8200.0
2012-02-29,46000.0
2012-03-01,11400.0
2012-03-02,2200.0
2012-03-03,-2200.0
2012-03-05,-24800.0
2012-03-06,-24000.0
2012-03-07,-12400.0
2012-03-08,16600.0
2012-03-09,200.0
2012-03-12,-26400.0
2012-03-13,30400.0
2012-03-14,30400.0
2012-03-15,-5000.0
2012-03-16,-18400.0
2012-03-19,-21400.0
2012-03-20,-15600.0
2012-03-21,-9800.0
2012-03-22,27000.0
2012-03-23,400.0
2012-03-26,-38200.0
2012-03-27,12000.0
2012-03-28,-3400.0
2012-03-29,-41000.0
2012-03-30,12400.0
2012-04-02,-7800.0
2012-04-03,-11600.0
2012-04-05,-55800.0
2012-04-06,5800.0
2012-04-09,-25000.0
2012-04-10,20200.0
2012-04-11,-1400.0
2012-04-12,-10400.0
2012-04-13,23600.0
2012-04-16,-13000.0
2012-04-17,-23200.0
2012-04-18,8400.0
2012-04-19,10600.0
2012-04-20,-19600.0
2012-04-23,-10400.0
2012-04-24,-4200.0
2012-04-25,5600.0
2012-04-26,400.0
2012-04-27,1800.0
2012-04-30,12400.0
2012-05-02,44000.0
2012-05-03,-5400.0
2012-05-04,6800.0
2012-05-07,-45400.0
2012-05-08,5200.0
2012-05-09,-16800.0
2012-05-10,5600.0
2012-05-11,-35800.0
2012-05-14,-5600.0
2012-05-15,0.0
2012-05-16,-21200.0
2012-05-17,3600.0
2012-05-18,-37800.0
2012-05-21,14800.0
2012-05-22,7800.0
2012-05-23,-19200.0
2012-05-24,-4400.0
2012-05-25,-13200.0
2012-05-28,13600.0
2012-05-29,42800.0
2012-05-30,-26800.0
2012-05-31,-10400.0
2012-06-01,-23000.0
2012-06-04,-43200.0
2012-06-05,23600.0
2012-06-06,16800.0
2012-06-07,-3200.0
2012-06-08,-26000.0
2012-06-11,32600.0
2012-06-12,-17200.0
2012-06-13,3200.0
2012-06-14,8600.0
2012-06-15,32200.0
2012-06-18,26200.0
2012-06-19,3200.0
2012-06-20,14800.0
2012-06-21,-57000.0
2012-06-22,-30000.0
2012-06-25,-34200.0
2012-06-26,5200.0
2012-06-27,13400.0
2012-06-28,5200.0
2012-06-29,33800.0
2012-07-02,-8000.0
2012-07-03,27800.0
2012-07-04,17800.0
2012-07-05,3600.0
2012-07-06,1000.0
2012-07-09,1200.0
2012-07-10,-8800.0
2012-07-11,5400.0
2012-07-12,-26000.0
2012-07-13,2000.0
2012-07-16,10600.0
2012-07-17,28400.0
2012-07-18,-12600.0
2012-07-19,-24600.0
2012-07-20,2200.0
2012-07-23,-36000.0
2012-07-24,800.0
2012-07-25,6000.0
2012-07-26,5800.0
2012-07-27,37200.0
2012-07-30,19800.0
2012-07-31,20200.0
2012-08-01,18000.0
2012-08-03,-8800.0
2012-08-06,30800.0
2012-08-07,7200.0
2012-08-08,17600.0
2012-08-09,28400.0
2012-08-10,-600.0
2012-08-13,-10000.0
2012-08-14,18600.0
2012-08-15,-7800.0
2012-08-16,400.0
2012-08-17,-9600.0
2012-08-20,-15800.0
2012-08-21,19800.0
2012-08-22,-6600.0
2012-08-23,200.0
2012-08-24,-8400.0
2012-08-27,-12800.0
2012-08-28,-12600.0
2012-08-29,-3200.0
2012-08-30,-18000.0
2012-08-31,-400.0
2012-09-03,1600.0
2012-09-04,1600.0
2012-09-05,-27200.0
2012-09-06,-9400.0
2012-09-07,21000.0
2012-09-10,20800.0
2012-09-11,-6600.0
2012-09-12,33800.0
2012-09-13,400.0
2012-09-14,45400.0
2012-09-17,5400.0
2012-09-18,-600.0
2012-09-19,8000.0
2012-09-20,-3000.0
2012-09-21,2600.0
2012-09-24,4000.0
2012-09-25,-2000.0
2012-09-26,-6400.0
2012-09-27,8600.0
2012-09-28,-4400.0
2012-10-01,-6600.0
2012-10-02,5600.0
2012-10-03,-11800.0
2012-10-04,-200.0
2012-10-05,-2400.0
2012-10-08,-14800.0
2012-10-09,6000.0
2012-10-11,-41000.0
2012-10-12,-10200.0
2012-10-15,4600.0
2012-10-16,1000.0
2012-10-17,400.0
2012-10-18,1600.0
2012-10-19,-10200.0
2012-10-22,-17800.0
2012-10-23,-16800.0
2012-10-24,-5800.0
2012-10-25,-9600.0
2012-10-26,-50400.0
2012-10-29,11200.0
2012-10-30,7800.0
2012-10-31,-7200.0
2012-11-01,-2800.0
2012-11-02,9200.0
2012-11-05,-4000.0
2012-11-06,15200.0
2012-11-07,-2400.0
2012-11-08,-20200.0
2012-11-09,14400.0
2012-11-12,-9600.0
2012-11-13,-51200.0
2012-11-14,1600.0
2012-11-15,-4000.0
2012-11-16,1200.0
2012-11-19,10000.0
2012-11-20,10400.0
2012-11-21,-27200.0
2012-11-22,-7600.0
2012-11-23,65600.0
2012-11-26,22400.0
2012-11-27,9800.0
2012-11-28,-200.0
2012-11-29,34000.0
2012-11-30,13000.0
2012-12-03,-600.0
2012-12-04,-14600.0
2012-12-05,20200.0
2012-12-06,5000.0
2012-12-07,3400.0
2012-12-10,-7400.0
2012-12-11,3000.0
2012-12-12,20200.0
2012-12-13,22000.0
2012-12-14,-5200.0
2012-12-17,-2400.0
2012-12-18,-2200.0
2012-12-19,4800.0
2012-12-20,-31400.0
2012-12-21,-18600.0
2012-12-22,4800.0
2012-12-24,6400.0
2012-12-25,41600.0
2012-12-26,-3400.0
2012-12-27,-4200.0
2012-12-28,14000.0
2013-01-02,27200.0
2013-01-03,21200.0
2013-01-04,-4000.0
2013-01-07,-3000.0
2013-01-08,-9000.0
2013-01-09,7200.0
2013-01-10,31400.0
2013-01-11,-6400.0
2013-01-14,-2200.0
2013-01-15,-13600.0
2013-01-16,-14000.0
2013-01-17,-35400.0
2013-01-18,27200.0
2013-01-21,-4000.0
2013-01-22,8400.0
2013-01-23,-6600.0
2013-01-24,-12200.0
2013-01-25,-15200.0
2013-01-28,21600.0
2013-01-29,17600.0
2013-01-30,1400.0
2013-01-31,14600.0
2013-02-01,6400.0
2013-02-04,15200.0
2013-02-05,-4600.0
2013-02-06,-14800.0
2013-02-18,-1000.0
2013-02-19,-200.0
2013-02-20,11200.0
2013-02-21,-9400.0
2013-02-22,5400.0
2013-02-23,8600.0
2013-02-25,-21200.0
2013-02-26,-8600.0
2013-02-27,-6400.0
2013-03-01,17800.0
2013-03-04,-29600.0
2013-03-05,8600.0
2013-03-06,17800.0
2013-03-07,-5600.0
2013-03-08,17600.0
2013-03-11,16800.0
2013-03-12,-12400.0
2013-03-13,-16200.0
2013-03-14,-20200.0
2013-03-15,-5600.0
2013-03-18,-29000.0
2013-03-19,4600.0
2013-03-20,-15200.0
2013-03-21,7400.0
2013-03-22,-7400.0
2013-03-25,13600.0
2013-03-26,-12000.0
2013-03-27,1600.0
2013-03-28,-3800.0
2013-03-29,25000.0
2013-04-01,400.0
2013-04-02,1200.0
2013-04-03,4200.0
2013-04-08,-54000.0
2013-04-09,-3000.0
2013-04-10,800.0
2013-04-11,27000.0
2013-04-12,2000.0
2013-04-15,2400.0
2013-04-16,-1000.0
2013-04-17,16400.0
2013-04-18,-18800.0
2013-04-19,26800.0
2013-04-22,9400.0
2013-04-23,-1400.0
2013-04-24,25000.0
2013-04-25,4800.0
2013-04-26,600.0
2013-04-29,-200.0
2013-04-30,14800.0
2013-05-02,-4800.0
2013-05-03,8600.0
2013-05-06,4400.0
2013-05-07,3200.0
2013-05-08,28400.0
2013-05-09,9400.0
2013-05-10,5600.0
2013-05-13,-14200.0
2013-05-14,2600.0
2013-05-15,5000.0
2013-05-16,35400.0
2013-05-17,-5000.0
2013-05-20,-13400.0
2013-05-21,9800.0
2013-05-22,1800.0
2013-05-23,-49000.0
2013-05-24,-2800.0
2013-05-27,6200.0
2013-05-28,2400.0
2013-05-29,16400.0
2013-05-30,-23000.0
2013-05-31,4800.0
2013-06-03,-10000.0
2013-06-04,-9400.0
2013-06-05,-4800.0
2013-06-06,-10800.0
2013-06-07,-2400.0
2013-06-10,15200.0
2013-06-11,-12200.0
2013-06-13,-37200.0
2013-06-14,-3400.0
2013-06-17,15400.0
2013-06-18,-5400.0
2013-06-19,18200.0
2013-06-20,-61600.0
2013-06-21,-36400.0
2013-06-24,7200.0
2013-06-25,-12600.0
2013-06-26,17000.0
2013-06-27,24400.0
2013-06-28,25000.0
2013-07-01,12800.0
2013-07-02,-5600.0
2013-07-03,-22200.0
2013-07-04,20000.0
2013-07-05,31200.0
2013-07-08,-28800.0
2013-07-09,28800.0
2013-07-10,21400.0
2013-07-11,63800.0
2013-07-12,4200.0
2013-07-15,22600.0
2013-07-16,14000.0
2013-07-17,11400.0
2013-07-18,-19400.0
2013-07-19,-2400.0
2013-07-22,17800.0
2013-07-23,15400.0
2013-07-24,-14000.0
2013-07-25,-15400.0
2013-07-26,-14200.0
2013-07-29,-9200.0
2013-07-30,27200.0
2013-07-31,-26000.0
2013-08-01,2800.0
2013-08-02,21000.0
2013-08-05,9400.0
2013-08-06,-33200.0
2013-08-07,-31200.0
2013-08-08,-5400.0
2013-08-09,-12600.0
2013-08-12,9800.0
2013-08-13,15400.0
2013-08-14,-12200.0
2013-08-15,-23400.0
2013-08-16,20200.0
2013-08-19,-13200.0
2013-08-20,-31400.0
2013-08-22,2000.0
2013-08-23,-17400.0
2013-08-26,12800.0
2013-08-27,-22800.0
2013-08-28,7400.0
2013-08-29,37800.0
2013-08-30,16800.0
2013-09-02,10800.0
2013-09-03,4600.0
2013-09-04,13200.0
2013-09-05,21400.0
2013-09-06,4600.0
2013-09-09,7800.0
2013-09-10,4200.0
2013-09-11,8800.0
2013-09-12,16000.0
2013-09-13,-17600.0
2013-09-14,6200.0
2013-09-16,19800.0
2013-09-17,2600.0
2013-09-18,-1400.0
2013-09-23,-4600.0
2013-09-24,1200.0
2013-09-25,-2000.0
2013-09-26,-16800.0
2013-09-27,600.0
2013-09-30,-17400.0
2013-10-01,5200.0
2013-10-02,13600.0
2013-10-03,69800.0
2013-10-04,1800.0
2013-10-07,800.0
2013-10-08,7800.0
2013-10-09,-10400.0
2013-10-11,200.0
2013-10-14,-9800.0
2013-10-15,17200.0
2013-10-16,600.0
2013-10-17,3600.0
2013-10-18,9400.0
2013-10-21,-6600.0
2013-10-22,1400.0
2013-10-23,-16800.0
2013-10-24,9800.0
2013-10-25,-17000.0
2013-10-28,20200.0
2013-10-29,10000.0
2013-10-30,3400.0
2013-10-31,-7000.0
2013-11-01,-8000.0
2013-11-04,-30800.0
2013-11-05,-22000.0
2013-11-06,-5400.0
2013-11-07,3200.0
2013-11-08,-7400.0
2013-11-11,-6600.0
2013-11-12,16400.0
2013-11-13,-30400.0
2013-11-14,600.0
2013-11-15,21200.0
2013-11-18,8200.0
2013-11-19,15200.0
2013-11-20,-2600.0
2013-11-21,-39600.0
2013-11-22,2000.0
2013-11-25,29400.0
2013-11-26,4600.0
2013-11-27,15600.0
2013-11-28,31600.0
2013-11-29,9800.0
2013-12-02,-600.0
2013-12-03,-5600.0
2013-12-04,8000.0
2013-12-05,-12800.0
2013-12-06,-5400.0
2013-12-09,25600.0
2013-12-10,-3600.0
2013-12-11,-3400.0
2013-12-12,-10200.0
2013-12-13,7200.0
2013-12-16,-20400.0
2013-12-17,-2000.0
2013-12-18,-200.0
2013-12-19,13600.0
2013-12-20,7400.0
2013-12-23,10800.0
2013-12-24,5400.0
2013-12-25,5000.0
2013-12-26,-3400.0
2013-12-27,10800.0
2013-12-30,12400.0
2013-12-31,400.0
2014-01-02,-11200.0
2014-01-03,-20400.0
2014-01-06,-5000.0
2014-01-07,6200.0
2014-01-08,400.0
2014-01-09,-11000.0
2014-01-10,-1400.0
2014-01-13,7400.0
2014-01-14,-13200.0
2014-01-15,3400.0
2014-01-16,-7600.0
2014-01-17,-11600.0
2014-01-20,-2800.0
2014-01-21,1400.0
2014-01-22,8200.0
2014-01-23,-8400.0
2014-01-24,3200.0
2014-01-27,-37000.0
2014-02-05,-53400.0
2014-02-06,600.0
2014-02-07,12600.0
2014-02-10,11200.0
2014-02-11,17400.0
2014-02-12,9200.0
2014-02-13,-10800.0
2014-02-14,15400.0
2014-02-17,4200.0
2014-02-18,7000.0
2014-02-19,-5800.0
2014-02-20,-15600.0
2014-02-21,25800.0
2014-02-24,-4400.0
2014-02-25,5600.0
2014-02-26,6600.0
2014-02-27,7400.0
2014-03-03,-19600.0
2014-03-04,-2600.0
2014-03-05,14800.0
2014-03-06,3000.0
2014-03-07,-6400.0
2014-03-10,-1800.0
2014-03-11,6600.0
2014-03-12,-16600.0
2014-03-13,6600.0
2014-03-14,-11400.0
2014-03-17,2200.0
2014-03-18,9800.0
2014-03-19,-5200.0
2014-03-20,-28000.0
2014-03-21,-3600.0
2014-03-24,7600.0
2014-03-25,22400.0
2014-03-26,2800.0
2014-03-27,19400.0
2014-03-28,-7400.0
2014-03-31,16600.0
2014-04-01,-1000.0
2014-04-02,2800.0
2014-04-03,14600.0
2014-04-07,-6800.0
2014-04-08,-1000.0
2014-04-09,5800.0
2014-04-10,1600.0
2014-04-11,-11200.0
2014-04-14,-4400.0
2014-04-15,7200.0
2014-04-16,21000.0
2014-04-17,-14800.0
2014-04-18,-400.0
2014-04-21,-5000.0
2014-04-22,-800.0
2014-04-23,-5800.0
2014-04-24,-800.0
2014-04-25,-48400.0
2014-04-28,8800.0
2014-04-29,3000.0
2014-04-30,-6200.0
2014-05-02,6000.0
2014-05-05,-10200.0
2014-05-06,6800.0
2014-05-07,-14200.0
2014-05-08,12200.0
2014-05-09,-11800.0
2014-05-12,-5600.0
2014-05-13,-2400.0
2014-05-14,8000.0
2014-05-15,-7600.0
2014-05-16,-3200.0
2014-05-19,-2600.0
2014-05-20,-8400.0
2014-05-21,-4400.0
2014-05-22,19800.0
2014-05-23,10200.0
2014-05-26,5400.0
2014-05-27,3000.0
2014-05-28,11800.0
2014-05-29,-1600.0
2014-05-30,-4600.0
2014-06-03,-200.0
2014-06-04,-6400.0
2014-06-05,-4600.0
2014-06-06,4200.0
2014-06-09,-1800.0
2014-06-10,8200.0
2014-06-11,4600.0
2014-06-12,2200.0
2014-06-13,-4400.0
2014-06-16,3600.0
2014-06-17,600.0
2014-06-18,25000.0
2014-06-19,-19600.0
2014-06-20,-8200.0
2014-06-23,-200.0
2014-06-24,2600.0
2014-06-25,-3200.0
2014-06-26,15400.0
2014-06-27,1000.0
2014-06-30,9200.0
2014-07-01,14800.0
2014-07-02,-13600.0
2014-07-03,-7800.0
2014-07-04,-6400.0
2014-07-07,-3800.0
2014-07-08,7200.0
2014-07-09,2400.0
2014-07-10,17000.0
2014-07-11,-15800.0
2014-07-14,4400.0
2014-07-15,-2000.0
2014-07-16,-12800.0
2014-07-17,-7000.0
2014-07-18,-2200.0
2014-07-21,0.0
2014-07-22,13600.0
2014-07-24,2600.0
2014-07-25,3400.0
2014-07-28,16400.0
2014-07-29,16400.0
2014-07-30,15400.0
2014-07-31,-16400.0
2014-08-01,-18800.0
2014-08-04,-20200.0
2014-08-05,-39600.0
2014-08-06,-9800.0
2014-08-07,-1800.0
2014-08-08,1000.0
2014-08-11,3400.0
2014-08-12,-7000.0
2014-08-13,15800.0
2014-08-14,-9800.0
2014-08-15,-8200.0
2014-08-18,-21400.0
2014-08-19,30200.0
2014-08-20,5000.0
2014-08-21,-4400.0
2014-08-22,43800.0
2014-08-25,-600.0
2014-08-26,5200.0
2014-08-27,20800.0
2014-08-28,-4800.0
2014-08-29,-4800.0
2014-09-01,200.0
2014-09-02,-16600.0
2014-09-03,9400.0
2014-09-04,1200.0
2014-09-05,-1000.0
2014-09-09,-2600.0
2014-09-10,-23200.0
2014-09-11,-10600.0
2014-09-12,-2000.0
2014-09-15,-4600.0
2014-09-16,-13600.0
2014-09-17,-8000.0
2014-09-18,15200.0
2014-09-19,-800.0
2014-09-22,-23800.0
2014-09-23,-5800.0
2014-09-24,13000.0
2014-09-25,-17800.0
2014-09-26,-4200.0
2014-09-29,-2400.0
2014-09-30,9600.0
2014-10-01,-14400.0
2014-10-02,-8200.0
2014-10-03,9200.0
2014-10-06,-8400.0
2014-10-07,-10200.0
2014-10-08,-10400.0
2014-10-09,8400.0
2014-10-13,-50200.0
2014-10-14,-6400.0
2014-10-15,-35400.0
2014-10-16,-10200.0
2014-10-17,-35600.0
2014-10-20,37800.0
2014-10-21,-1200.0
2014-10-22,16200.0
2014-10-23,-600.0
2014-10-24,-16400.0
2014-10-27,-13800.0
2014-10-28,37200.0
2014-10-29,24200.0
2014-10-30,7400.0
2014-10-31,20600.0
2014-11-03,-8200.0
2014-11-04,1400.0
2014-11-05,2800.0
2014-11-06,-9000.0
2014-11-07,-3400.0
2014-11-10,34400.0
2014-11-11,-600.0
2014-11-12,-45800.0
2014-11-13,5800.0
2014-11-14,-2600.0
2014-11-17,-14600.0
2014-11-18,12200.0
2014-11-19,12400.0
2014-11-20,26600.0
2014-11-21,-5800.0
2014-11-24,24600.0
2014-11-25,-12600.0
2014-11-26,-2800.0
2014-11-27,8000.0
2014-11-28,1800.0
2014-12-01,-11400.0
2014-12-02,-4800.0
2014-12-03,47800.0
2014-12-04,-5400.0
2014-12-05,11000.0
2014-12-08,1600.0
2014-12-09,-17200.0
2014-12-10,-21600.0
2014-12-11,-9600.0
2014-12-12,-10000.0
2014-12-15,-2400.0
2014-12-16,1000.0
2014-12-17,-32000.0
2014-12-18,7000.0
2014-12-19,29200.0
2014-12-22,10800.0
2014-12-23,10000.0
2014-12-24,28600.0
2014-12-25,1600.0
2014-12-26,11600.0
2014-12-27,7400.0
2014-12-29,5200.0
2014-12-30,-6800.0
2014-12-31,-2800.0
2015-01-05,-12200.0
2015-01-06,-37800.0
2015-01-07,-12400.0
2015-01-08,48400.0
2015-01-09,6400.0
2015-01-12,-400.0
2015-01-13,18800.0
2015-01-14,-18400.0
2015-01-15,-400.0
2015-01-16,-31800.0
2015-01-19,11400.0
2015-01-20,23200.0
2015-01-21,15200.0
2015-01-22,20200.0
2015-01-23,2400.0
2015-01-26,-9200.0
2015-01-27,11200.0
2015-01-28,-1000.0
2015-01-29,-11000.0
2015-01-30,-5000.0
2015-02-02,7600.0
2015-02-03,12200.0
2015-02-04,13600.0
2015-02-05,600.0
2015-02-06,-3800.0
2015-02-09,-6800.0
2015-02-10,4800.0
2015-02-11,-9400.0
2015-02-12,-1400.0
2015-02-13,11200.0
2015-02-24,20600.0
2015-02-25,4000.0
2015-02-26,-7400.0
2015-03-02,-2800.0
2015-03-03,-11800.0
2015-03-04,6000.0
2015-03-05,-14800.0
2015-03-06,20000.0
2015-03-09,-10200.0
2015-03-10,-13600.0
2015-03-11,-12200.0
2015-03-12,27000.0
2015-03-13,-5600.0
2015-03-16,-5200.0
2015-03-17,800.0
2015-03-18,14400.0
2015-03-19,28000.0
2015-03-20,-2800.0
2015-03-23,-7600.0
2015-03-24,-4800.0
2015-03-25,-2600.0
2015-03-26,400.0
2015-03-27,-800.0
2015-03-30,9800.0
2015-03-31,3400.0
2015-04-01,-18200.0
2015-04-02,19400.0
2015-04-07,14200.0
2015-04-08,-800.0
2015-04-09,3000.0
2015-04-10,8800.0
2015-04-13,10600.0
2015-04-14,-4200.0
2015-04-15,-21800.0
2015-04-16,21800.0
2015-04-17,-5000.0
2015-04-20,-7600.0
2015-04-21,3400.0
2015-04-22,11400.0
2015-04-23,41000.0
2015-04-24,12600.0
2015-04-27,22600.0
2015-04-28,-2800.0
2015-04-29,9000.0
2015-04-30,-8200.0
2015-05-04,-9000.0
2015-05-05,-3400.0
2015-05-06,-1200.0
2015-05-07,-19800.0
2015-05-08,-10400.0
2015-05-11,1600.0
2015-05-12,5800.0
2015-05-13,-7400.0
2015-05-14,-31400.0
2015-05-15,-18000.0
2015-05-18,11600.0
2015-05-19,17000.0
2015-05-20,-17600.0
2015-05-21,-38800.0
2015-05-22,17800.0
2015-05-25,-13600.0
2015-05-26,3600.0
2015-05-27,0.0
2015-05-28,3600.0
2015-05-29,-8200.0
2015-06-01,-6600.0
2015-06-02,600.0
2015-06-03,-21000.0
2015-06-04,-57800.0
2015-06-05,-600.0
2015-06-08,19400.0
2015-06-09,-22800.0
2015-06-10,13000.0
2015-06-11,-10800.0
2015-06-12,-10400.0
2015-06-15,-11000.0
2015-06-16,-4200.0
2015-06-17,-27200.0
2015-06-18,-28400.0
2015-06-22,35600.0
2015-06-23,8000.0
2015-06-24,7400.0
2015-06-25,23400.0
2015-06-26,-1000.0
2015-06-29,-33400.0
2015-06-30,22600.0
2015-07-01,11400.0
2015-07-02,-7200.0
2015-07-03,1800.0
2015-07-06,-13400.0
2015-07-07,9800.0
2015-07-08,-67000.0
2015-07-09,-13400.0
2015-07-13,27800.0
2015-07-14,-2200.0
2015-07-15,14200.0
2015-07-16,-30600.0
2015-07-17,3800.0
2015-07-20,-16000.0
2015-07-21,12400.0
2015-07-22,-17800.0
2015-07-23,13000.0
2015-07-24,-21600.0
2015-07-27,-23800.0
2015-07-28,-8200.0
2015-07-29,-2600.0
2015-07-30,19600.0
2015-07-31,-13400.0
2015-08-03,-11200.0
2015-08-04,7600.0
2015-08-05,24600.0
2015-08-06,-27800.0
2015-08-07,-4000.0
2015-08-10,22000.0
2015-08-11,-45000.0
2015-08-12,11400.0
2015-08-13,-17600.0
2015-08-14,13600.0
2015-08-17,-11200.0
2015-08-18,-28200.0
2015-08-19,-33600.0
2015-08-20,-8000.0
2015-08-21,-51200.0
2015-08-24,-122800.0
2015-08-25,24600.0
2015-08-26,19800.0
2015-08-27,22000.0
2015-08-28,55600.0
2015-08-31,29200.0
2015-09-01,-37000.0
2015-09-02,18200.0
2015-09-03,5800.0
2015-09-04,-7400.0
2015-09-07,6800.0
2015-09-08,6800.0
2015-09-09,88000.0
2015-09-10,5200.0
2015-09-11,-18200.0
2015-09-14,3000.0
2015-09-15,-6600.0
2015-09-16,12800.0
2015-09-17,27600.0
2015-09-18,3600.0
2015-09-21,-33200.0
2015-09-22,19400.0
2015-09-23,-41600.0
2015-09-24,-16000.0
2015-09-25,6800.0
2015-09-30,2800.0
2015-10-01,45200.0
2015-10-02,2000.0
2015-10-05,18000.0
2015-10-06,14000.0
2015-10-07,31400.0
2015-10-08,-21000.0
2015-10-12,38200.0
2015-10-13,1400.0
2015-10-14,-18600.0
2015-10-15,19000.0
2015-10-16,4600.0
2015-10-19,18800.0
2015-10-20,-1400.0
2015-10-21,-1000.0
2015-10-22,-16000.0
2015-10-23,28200.0
2015-10-26,3200.0
2015-10-27,-4600.0
2015-10-28,-14000.0
2015-10-29,-26200.0
2015-10-30,9600.0
2015-11-02,2000.0
2015-11-03,26400.0
2015-11-04,30600.0
2015-11-05,-9400.0
2015-11-06,-46400.0
2015-11-09,-21200.0
2015-11-10,-25600.0
2015-11-11,-29800.0
2015-11-12,17000.0
2015-11-13,-31800.0
2015-11-16,-18800.0
2015-11-17,24600.0
2015-11-18,-21800.0
2015-11-19,21800.0
2015-11-20,-4800.0
2015-11-23,16400.0
2015-11-24,-22000.0
2015-11-25,-8400.0
2015-11-26,38200.0
2015-11-27,-27400.0
2015-11-30,-28600.0
2015-12-01,34800.0
2015-12-02,-9200.0
2015-12-03,7200.0
2015-12-04,-25400.0
2015-12-07,18600.0
2015-12-08,-36600.0
2015-12-09,-28200.0
2015-12-10,-14800.0
2015-12-11,-24600.0
2015-12-14,1800.0
2015-12-15,7400.0
2015-12-16,34000.0
2015-12-17,17200.0
2015-12-18,-12200.0
2015-12-21,11400.0
2015-12-22,4600.0
2015-12-23,6400.0
2015-12-24,14800.0
2015-12-25,8200.0
2015-12-28,-4200.0
2015-12-29,-2000.0
2015-12-30,-6600.0
2015-12-31,9600.0
2016-01-04,-59000.0
2016-01-05,-1800.0
2016-01-06,-2400.0
2016-01-07,-31800.0
2016-01-08,4400.0
2016-01-11,-29200.0
2016-01-12,-5600.0
2016-01-13,27400.0
2016-01-14,-10800.0
2016-01-15,-17400.0
2016-01-18,39000.0
2016-01-19,3000.0
2016-01-20,-26200.0
2016-01-21,-29400.0
2016-01-22,25400.0
2016-01-25,25000.0
2016-01-26,-17400.0
2016-01-27,7800.0
2016-01-28,6000.0
2016-01-29,47000.0
2016-01-30,27800.0
2016-02-01,-8400.0
2016-02-02,-5800.0
2016-02-03,-27400.0
2016-02-15,15400.0
2016-02-16,37400.0
2016-02-17,-2600.0
2016-02-18,19400.0
2016-02-19,8600.0
2016-02-22,-6800.0
2016-02-23,12400.0
2016-02-24,-6800.0
2016-02-25,12600.0
2016-02-26,23400.0
2016-03-01,11600.0
2016-03-02,10200.0
2016-03-03,11800.0
2016-03-04,11400.0
2016-03-07,15000.0
2016-03-08,5800.0
2016-03-09,-8400.0
2016-03-10,-2600.0
2016-03-11,14800.0
2016-03-14,-1000.0
2016-03-15,-31600.0
2016-03-16,20800.0
2016-03-17,3200.0
2016-03-18,21000.0
2016-03-21,-7000.0
2016-03-22,12800.0
2016-03-23,-12400.0
2016-03-24,6400.0
2016-03-25,-6400.0
2016-03-28,-1200.0
2016-03-29,-31400.0
2016-03-30,25800.0
2016-03-31,-1000.0
2016-04-01,-12600.0
2016-04-06,-42600.0
2016-04-07,-5400.0
2016-04-08,9200.0
2016-04-11,4000.0
2016-04-12,3800.0
2016-04-13,33600.0
2016-04-14,14000.0
2016-04-15,23200.0
2016-04-18,-16600.0
2016-04-19,7400.0
2016-04-20,-30000.0
2016-04-21,2200.0
2016-04-22,-4200.0
2016-04-25,13000.0
2016-04-26,-200.0
2016-04-27,8600.0
2016-04-28,-30600.0
2016-04-29,-32400.0
2016-05-03,-11600.0
2016-05-04,-31600.0
2016-05-05,-11200.0
2016-05-06,5200.0
2016-05-09,-3600.0
2016-05-10,-200.0
2016-05-11,0.0
2016-05-12,-4400.0
2016-05-13,-20400.0
2016-05-16,9200.0
2016-05-17,15400.0
2016-05-18,4600.0
2016-05-19,-27400.0
2016-05-20,6800.0
2016-05-23,41000.0
2016-05-24,-7000.0
2016-05-25,21200.0
2016-05-26,-9200.0
2016-05-27,12000.0
2016-05-30,14400.0
2016-05-31,-5600.0
2016-06-01,5400.0
2016-06-02,-3000.0
2016-06-03,-5600.0
2016-06-04,6000.0
2016-06-06,-13200.0
2016-06-07,25400.0
2016-06-08,3600.0
2016-06-13,-46200.0
2016-06-14,6800.0
2016-06-15,11800.0
2016-06-16,-80600.0
2016-06-17,26800.0
2016-06-20,18600.0
2016-06-21,12400.0
2016-06-22,2800.0
2016-06-23,-5800.0
2016-06-24,-56400.0
2016-06-27,17600.0
2016-06-28,6600.0
2016-06-29,13000.0
2016-06-30,12400.0
2016-07-01,25000.0
2016-07-04,-1800.0
2016-07-05,-2400.0
2016-07-06,-29000.0
2016-07-07,13800.0
2016-07-11,31000.0
2016-07-12,18600.0
2016-07-13,11200.0
2016-07-14,7400.0
2016-07-15,20000.0
2016-07-18,23000.0
2016-07-19,10400.0
2016-07-20,-8600.0
2016-07-21,-5800.0
2016-07-22,-11600.0
2016-07-25,-7200.0
2016-07-26,12000.0
2016-07-27,-7600.0
2016-07-28,2000.0
2016-07-29,-17400.0
2016-08-01,25600.0
2016-08-02,-9600.0
2016-08-03,-7000.0
2016-08-04,1400.0
2016-08-05,25200.0
2016-08-08,3400.0
2016-08-09,3600.0
2016-08-10,10200.0
2016-08-11,-2000.0
2016-08-12,21600.0
2016-08-15,-13000.0
2016-08-16,-8800.0
2016-08-17,9200.0
2016-08-18,-13600.0
2016-08-19,-24200.0
2016-08-22,-8600.0
2016-08-23,18600.0
2016-08-24,-8400.0
2016-08-25,12400.0
2016-08-26,7600.0
2016-08-29,-13800.0
2016-08-30,-200.0
2016-08-31,-24800.0
2016-09-01,-17000.0
2016-09-02,5200.0
2016-09-05,26400.0
2016-09-06,19800.0
2016-09-07,25000.0
2016-09-08,-5400.0
2016-09-09,-20600.0
2016-09-10,-44800.0
2016-09-12,-15600.0
2016-09-13,1600.0
2016-09-14,-8200.0
2016-09-19,47800.0
2016-09-20,400.0
2016-09-21,26400.0
2016-09-22,-12600.0
2016-09-23,9800.0
2016-09-26,-9000.0
2016-09-29,23000.0
2016-09-30,-28200.0
2016-10-03,10800.0
2016-10-04,17000.0
2016-10-05,-6200.0
2016-10-06,4200.0
2016-10-07,3200.0
2016-10-11,-23800.0
2016-10-12,14600.0
2016-10-13,-12200.0
2016-10-14,-2400.0
2016-10-17,-6200.0
2016-10-18,16400.0
2016-10-19,30400.0
2016-10-20,400.0
2016-10-21,-7000.0
2016-10-24,8400.0
2016-10-25,14000.0
2016-10-26,-8600.0
2016-10-27,-13800.0
2016-10-28,4200.0
2016-10-31,4400.0
2016-11-01,-3200.0
2016-11-02,-31800.0
2016-11-03,-10200.0
2016-11-04,-6600.0
2016-11-07,34800.0
2016-11-08,18200.0
2016-11-09,-67000.0
2016-11-10,64400.0
2016-11-11,-52000.0
2016-11-14,-9600.0
2016-11-15,3400.0
2016-11-16,7200.0
2016-11-17,-8000.0
2016-11-18,400.0
2016-11-21,9800.0
2016-11-22,30800.0
2016-11-23,7600.0
2016-11-24,-5400.0
2016-11-25,5200.0
2016-11-28,18800.0
2016-11-29,-4400.0
2016-11-30,19000.0
2016-12-01,10400.0
2016-12-02,-8600.0
2016-12-05,-7400.0
2016-12-06,23400.0
2016-12-07,-1600.0
2016-12-08,21000.0
2016-12-09,9000.0
2016-12-12,-6600.0
2016-12-13,2200.0
2016-12-14,-5000.0
2016-12-15,-15000.0
2016-12-16,-7400.0
2016-12-19,-13800.0
2016-12-20,2200.0
2016-12-21,-3200.0
2016-12-22,-26200.0
2016-12-23,-12600.0
2016-12-26,2200.0
2016-12-27,-4800.0
2016-12-28,27000.0
2016-12-29,-6800.0
2016-12-30,29800.0
2017-01-03,-5600.0
2017-01-04,-1800.0
2017-01-05,18600.0
2017-01-06,-1600.0
2017-01-09,-6400.0
2017-01-10,-2400.0
2017-01-11,2400.0
2017-01-12,16200.0
2017-01-13,-800.0
2017-01-16,-27600.0
2017-01-17,13600.0
2017-01-18,-5000.0
2017-01-19,-9400.0
2017-01-20,4600.0
2017-01-23,21200.0
2017-01-24,5400.0
2017-02-02,-20400.0
2017-02-03,23800.0
2017-02-06,17000.0
2017-02-07,6400.0
2017-02-08,-5800.0
2017-02-09,13200.0
2017-02-10,24200.0
2017-02-13,10000.0
2017-02-14,-400.0
2017-02-15,35200.0
2017-02-16,-10800.0
2017-02-17,-7400.0
2017-02-18,3800.0
2017-02-20,-8800.0
2017-02-21,4000.0
2017-02-22,6200.0
2017-02-23,-3000.0
2017-02-24,-7000.0
2017-03-01,-16400.0
2017-03-02,-3000.0
2017-03-03,-11800.0
2017-03-06,17200.0
2017-03-07,16800.0
2017-03-08,-9000.0
2017-03-09,-32600.0
2017-03-10,-14800.0
2017-03-13,11200.0
2017-03-14,17800.0
2017-03-15,-6000.0
2017-03-16,26800.0
2017-03-17,10200.0
2017-03-20,-3400.0
2017-03-21,11600.0
2017-03-22,-18800.0
2017-03-23,-2200.0
2017-03-24,5400.0
2017-03-27,-10800.0
2017-03-28,-400.0
2017-03-29,600.0
2017-03-30,-2800.0
2017-03-31,-4800.0
2017-04-05,29400.0
2017-04-06,-19400.0
2017-04-07,-7000.0
2017-04-10,6800.0
2017-04-11,-16000.0
2017-04-12,-2800.0
2017-04-13,7200.0
2017-04-14,-32400.0
2017-04-17,2800.0
2017-04-18,7600.0
2017-04-19,-29000.0
2017-04-20,-8600.0
2017-04-21,16800.0
2017-04-24,-1000.0
2017-04-25,23400.0
2017-04-26,6200.0
2017-04-27,-8600.0
2017-04-28,-2000.0
2017-05-02,7800.0
2017-05-03,-3000.0
2017-05-04,-400.0
2017-05-05,-27400.0
2017-05-08,-5400.0
2017-05-09,-23000.0
2017-05-10,6800.0
2017-05-11,13800.0
2017-05-12,4800.0
2017-05-15,6000.0
2017-05-16,14400.0
2017-05-17,-9600.0
2017-05-18,-12800.0
2017-05-19,-2600.0
2017-05-22,7800.0
2017-05-23,5800.0
2017-05-24,10600.0
2017-05-25,20000.0
2017-05-26,-2000.0
2017-05-31,-1000.0
2017-06-01,-2000.0
2017-06-02,6400.0
2017-06-03,-400.0
2017-06-05,10000.0
2017-06-06,-2000.0
2017-06-07,5200.0
2017-06-08,-6400.0
2017-06-09,-2200.0
2017-06-12,-8400.0
2017-06-13,5200.0
2017-06-14,-9200.0
2017-06-15,-3800.0
2017-06-16,-2400.0
2017-06-19,19000.0
2017-06-20,-1000.0
2017-06-21,19600.0
2017-06-22,-40200.0
2017-06-23,-2000.0
2017-06-26,45800.0
2017-06-27,2400.0
2017-06-28,-18800.0
2017-06-29,2600.0
2017-06-30,2400.0
2017-07-03,14000.0
2017-07-04,-3800.0
2017-07-05,12800.0
2017-07-06,-6600.0
2017-07-07,-14400.0
2017-07-10,-10800.0
2017-07-11,14400.0
2017-07-12,-3800.0
2017-07-13,19000.0
2017-07-14,-2000.0
2017-07-17,7400.0
2017-07-18,3400.0
2017-07-19,400.0
2017-07-20,-29200.0
2017-07-21,-9200.0
2017-07-24,6400.0
2017-07-25,-8000.0
2017-07-26,200.0
2017-07-27,25800.0
2017-07-28,-20600.0
2017-07-31,0.0
2017-08-01,6000.0
2017-08-02,3400.0
2017-08-03,-2000.0
2017-08-04,10200.0
2017-08-07,9400.0
2017-08-08,-400.0
2017-08-09,-6800.0
2017-08-10,-25800.0
2017-08-11,-11600.0
2017-08-14,-7600.0
2017-08-15,12600.0
2017-08-16,-9600.0
2017-08-17,5000.0
2017-08-18,-1400.0
2017-08-21,4600.0
2017-08-22,7200.0
2017-08-23,1600.0
2017-08-24,21600.0
2017-08-25,9800.0
2017-08-28,5000.0
2017-08-29,-2800.0
2017-08-30,12800.0
2017-08-31,8600.0
2017-09-01,400.0
2017-09-04,-7600.0
2017-09-05,6600.0
2017-09-06,-11800.0
2017-09-07,4000.0
2017-09-08,3000.0
2017-09-11,10400.0
2017-09-12,2200.0
2017-09-13,-8400.0
2017-09-14,400.0
2017-09-15,7000.0
2017-09-18,12600.0
2017-09-19,-15600.0
2017-09-20,-14800.0
2017-09-21,4600.0
2017-09-22,-21800.0
2017-09-25,-8400.0
2017-09-26,-9000.0
2017-09-27,4400.0
2017-09-28,-12200.0
2017-09-29,0.0
2017-09-30,9800.0
2017-10-02,10800.0
2017-10-03,-2000.0
2017-10-05,7600.0
2017-10-06,2400.0
2017-10-11,12800.0
2017-10-12,-3200.0
2017-10-13,-2000.0
2017-10-16,6400.0
2017-10-17,-3200.0
2017-10-18,2600.0
2017-10-19,-200.0
2017-10-20,-7600.0
2017-10-23,3000.0
2017-10-24,4200.0
2017-10-25,-2400.0
2017-10-26,-7400.0
2017-10-27,-1000.0
2017-10-30,-8600.0
2017-10-31,1600.0
2017-11-01,9400.0
2017-11-02,2600.0
2017-11-03,4200.0
2017-11-06,-6200.0
2017-11-07,1600.0
2017-11-08,-200.0
2017-11-09,-5200.0
2017-11-10,3800.0
2017-11-13,4000.0
2017-11-14,-3800.0
2017-11-15,-200.0
2017-11-16,-12400.0
2017-11-17,7400.0
2017-11-20,-2200.0
2017-11-21,20200.0
2017-11-22,7800.0
2017-11-23,1000.0
2017-11-24,-9800.0
2017-11-27,1600.0
2017-11-28,-1400.0
2017-11-29,-1000.0
2017-11-30,-8000.0
2017-12-01,7000.0
2017-12-04,20400.0
2017-12-05,5400.0
2017-12-06,-36600.0
2017-12-07,-3200.0
2017-12-08,4200.0
2017-12-11,5600.0
2017-12-12,-800.0
2017-12-13,10800.0
2017-12-14,17400.0
2017-12-15,-1200.0
2017-12-18,14000.0
2017-12-19,-10000.0
2017-12-20,8400.0
2017-12-21,6800.0
2017-12-22,1400.0
2017-12-25,2000.0
2017-12-26,-10600.0
2017-12-27,33600.0
2017-12-28,11800.0
2017-12-29,11600.0
2018-01-02,14200.0
2018-01-03,5600.0
2018-01-04,7800.0
2018-01-05,0.0
2018-01-08,13400.0
2018-01-09,17000.0
2018-01-10,-600.0
2018-01-11,1200.0
2018-01-12,5800.0
2018-01-15,8200.0
2018-01-16,-1000.0
2018-01-17,11800.0
2018-01-18,-11200.0
2018-01-19,-9600.0
2018-01-22,6000.0
2018-01-23,-5200.0
2018-01-24,-9800.0
2018-01-25,23600.0
2018-01-26,1800.0
2018-01-29,10400.0
2018-01-30,-26400.0
2018-01-31,400.0
2018-02-01,3400.0
2018-02-02,-28400.0
2018-02-05,-17000.0
2018-02-06,-112400.0
2018-02-07,40200.0
2018-02-08,3800.0
2018-02-09,-34000.0
2018-02-12,8400.0
2018-02-21,61800.0
2018-02-22,-17200.0
2018-02-23,34800.0
2018-02-26,21000.0
2018-02-27,-13200.0
2018-03-01,-13600.0
2018-03-02,-24000.0
2018-03-05,-14000.0
2018-03-06,20000.0
2018-03-07,-13200.0
2018-03-08,16400.0
2018-03-09,6000.0
2018-03-12,34200.0
2018-03-13,6000.0
2018-03-14,-7600.0
2018-03-15,1600.0
2018-03-16,4400.0
2018-03-19,-1600.0
2018-03-20,1400.0
2018-03-21,5600.0
2018-03-22,-11600.0
2018-03-23,-39800.0
2018-03-26,29800.0
2018-03-27,22000.0
2018-03-28,-22000.0
2018-03-29,2600.0
2018-03-30,14600.0
2018-03-31,7000.0
2018-04-02,-5800.0
2018-04-03,-7200.0
2018-04-09,45600.0
2018-04-10,4800.0
2018-04-11,10000.0
2018-04-12,5600.0
2018-04-13,-5000.0
2018-04-16,-9200.0
2018-04-17,-27800.0
2018-04-18,11800.0
2018-04-19,15800.0
2018-04-20,3200.0
2018-04-23,-21000.0
2018-04-24,-26000.0
2018-04-25,-600.0
2018-04-26,-7800.0
2018-04-27,12000.0
2018-04-30,20400.0
2018-05-02,-1400.0
2018-05-03,-29600.0
2018-05-04,-8400.0
2018-05-07,16200.0
2018-05-08,11600.0
2018-05-09,-2000.0
2018-05-10,23600.0
2018-05-11,19000.0
2018-05-14,11600.0
2018-05-15,-19000.0
2018-05-16,10600.0
2018-05-17,5200.0
2018-05-18,7000.0
2018-05-21,17000.0
2018-05-22,-18000.0
2018-05-23,-17800.0
2018-05-24,6800.0
2018-05-25,-12800.0
2018-05-28,4800.0
2018-05-29,-9400.0
2018-05-30,-31000.0
2018-05-31,33000.0
2018-06-01,8800.0
2018-06-04,33400.0
2018-06-05,-9200.0
2018-06-06,22800.0
2018-06-07,2200.0
2018-06-08,-22400.0
2018-06-11,-2600.0
2018-06-12,7000.0
2018-06-13,-11000.0
2018-06-14,-28000.0
2018-06-15,-800.0
2018-06-19,-26400.0
2018-06-20,27800.0
2018-06-21,-51200.0
2018-06-22,-3800.0
2018-06-25,-3800.0
2018-06-26,5600.0
2018-06-27,-2800.0
2018-06-28,-15600.0
2018-06-29,34400.0
2018-07-02,-11800.0
2018-07-03,2800.0
2018-07-04,-2600.0
2018-07-05,-15000.0
2018-07-06,-10000.0
2018-07-09,24600.0
2018-07-10,11800.0
2018-07-11,-13200.0
2018-07-12,21400.0
2018-07-13,24800.0
2018-07-16,-12800.0
2018-07-17,-5400.0
2018-07-18,25600.0
2018-07-19,-45000.0
2018-07-20,5000.0
2018-07-23,200.0
2018-07-24,17400.0
2018-07-25,-16600.0
2018-07-26,20200.0
2018-07-27,2400.0
2018-07-30,800.0
2018-07-31,15800.0
2018-08-01,-200.0
2018-08-02,-34400.0
2018-08-03,20600.0
2018-08-06,9800.0
2018-08-07,-2600.0
2018-08-08,13400.0
2018-08-09,-4400.0
2018-08-10,-9200.0
2018-08-13,-25600.0
2018-08-14,22600.0
2018-08-15,-11200.0
2018-08-16,-19200.0
2018-08-17,6800.0
2018-08-20,3200.0
2018-08-21,26200.0
2018-08-22,2800.0
2018-08-23,24200.0
2018-08-24,-15000.0
2018-08-27,18600.0
2018-08-28,8000.0
2018-08-29,-7200.0
2018-08-30,-22200.0
2018-08-31,11800.0
2018-09-03,-27000.0
2018-09-04,17800.0
2018-09-05,-36800.0
2018-09-06,2800.0
2018-09-07,-3800.0
2018-09-10,-24800.0
2018-09-11,11200.0
2018-09-12,5800.0
2018-09-13,35600.0
2018-09-14,21400.0
2018-09-17,-10800.0
2018-09-18,16800.0
2018-09-19,24200.0
2018-09-20,1400.0
2018-09-21,51400.0
2018-09-25,-11400.0
2018-09-26,2200.0
2018-09-27,3400.0
2018-09-28,-2200.0
2018-10-01,3800.0
2018-10-02,-15800.0
2018-10-03,-18000.0
2018-10-04,-26600.0
2018-10-05,-47200.0
2018-10-08,1800.0
2018-10-09,6000.0
2018-10-11,-201600.0
2018-10-12,66800.0
2018-10-15,-34400.0
2018-10-16,17400.0
2018-10-17,-3400.0
2018-10-18,-16600.0
2018-10-19,-2200.0
2018-10-22,9200.0
2018-10-23,-44200.0
2018-10-24,-9400.0
2018-10-25,-31600.0
2018-10-26,-12400.0
2018-10-29,7800.0
2018-10-30,9800.0
2018-10-31,27800.0
2018-11-01,3400.0
2018-11-02,8600.0
2018-11-05,1600.0
2018-11-06,-4200.0
2018-11-07,9800.0
2018-11-08,17600.0
2018-11-09,-37200.0
2018-11-12,10800.0
2018-11-13,-9000.0
2018-11-14,1600.0
2018-11-15,8400.0
2018-11-16,10400.0
2018-11-19,20600.0
2018-11-20,-9600.0
2018-11-21,-10800.0
2018-11-22,-3800.0
2018-11-23,-23200.0
2018-11-26,19400.0
2018-11-27,-16800.0
2018-11-28,28800.0
2018-11-29,-9200.0
2018-11-30,3000.0
2018-12-03,42800.0
2018-12-04,-21800.0
2018-12-05,-16800.0
2018-12-06,-33800.0
2018-12-07,17200.0
2018-12-10,-17400.0
2018-12-11,7800.0
2018-12-12,15000.0
2018-12-13,13000.0
2018-12-14,-20000.0
2018-12-17,12000.0
2018-12-18,-12800.0
2018-12-19,8200.0
2018-12-20,-26600.0
2018-12-21,400.0
2018-12-22,-13800.0
2018-12-24,1200.0
2018-12-25,-31800.0
2018-12-26,-8600.0
2018-12-27,43800.0
2018-12-28,9200.0
2019-01-02,-36400.0
2019-01-03,-5400.0
2019-01-04,5800.0
2019-01-07,49600.0
2019-01-08,13200.0
2019-01-09,32200.0
2019-01-10,-9000.0
2019-01-11,600.0
2019-01-14,-14800.0
2019-01-15,25000.0
2019-01-16,-7200.0
2019-01-17,-2600.0
2019-01-18,6200.0
2019-01-21,8400.0
2019-01-22,-2200.0
2019-01-23,-8200.0
2019-01-24,600.0
2019-01-25,14400.0
2019-01-28,6000.0
2019-01-29,-3200.0
2019-01-30,10000.0
2019-02-11,-14000.0
2019-02-12,16200.0
2019-02-13,-800.0
2019-02-14,5400.0
2019-02-15,-4800.0
2019-02-18,21200.0
2019-02-19,7600.0
2019-02-20,19000.0
2019-02-21,10000.0
2019-02-22,-5400.0
2019-02-25,6800.0
2019-02-26,2000.0
2019-02-27,5600.0
2019-03-04,-13600.0
2019-03-05,-8000.0
2019-03-06,13000.0
2019-03-07,-5800.0
2019-03-08,-14400.0
2019-03-11,7800.0
2019-03-12,24000.0
2019-03-13,-6400.0
2019-03-14,-6600.0
2019-03-15,25000.0
2019-03-18,11000.0
2019-03-19,-6200.0
2019-03-20,6600.0
2019-03-21,-400.0
2019-03-22,4400.0
2019-03-25,-22600.0
2019-03-26,14400.0
2019-03-27,3200.0
2019-03-28,-1200.0
2019-03-29,19000.0
2019-04-01,-6000.0
2019-04-02,-1200.0
2019-04-03,7600.0
2019-04-08,-400.0
2019-04-09,16000.0
2019-04-10,9200.0
2019-04-11,-14000.0
2019-04-12,-4400.0
2019-04-15,8200.0
2019-04-16,2400.0
2019-04-17,5400.0
2019-04-18,-30400.0
2019-04-19,9800.0
2019-04-22,3000.0
2019-04-23,13000.0
2019-04-24,-8400.0
2019-04-25,9000.0
2019-04-26,-3600.0
2019-04-29,12200.0
2019-04-30,9400.0
2019-05-02,8400.0
2019-05-03,1400.0
2019-05-06,-38200.0
2019-05-07,14800.0
2019-05-08,-9800.0
2019-05-09,-36400.0
2019-05-10,5800.0
2019-05-13,-13200.0
2019-05-14,-9800.0
2019-05-15,18400.0
2019-05-16,1200.0
2019-05-17,17600.0
2019-05-20,21200.0
2019-05-21,23600.0
2019-05-22,-15200.0
2019-05-23,-12400.0
2019-05-24,-1600.0
2019-05-27,12000.0
2019-05-28,400.0
2019-05-29,-4800.0
2019-05-30,10400.0
2019-05-31,-4200.0
2019-06-03,-2800.0
2019-06-04,-2000.0
2019-06-05,8400.0
2019-06-06,-7800.0
2019-06-10,12800.0
2019-06-11,6200.0
2019-06-12,-3800.0
2019-06-13,-10800.0
2019-06-14,15400.0
2019-06-17,14600.0
2019-06-18,-1800.0
2019-06-19,35400.0
2019-06-20,-45000.0
2019-06-21,-3400.0
2019-06-24,16200.0
2019-06-25,-21000.0
2019-06-26,-2200.0
2019-06-27,7000.0
2019-06-28,-17800.0
2019-07-01,7800.0
2019-07-02,-7200.0
2019-07-03,-9000.0
2019-07-04,7200.0
2019-07-05,3200.0
2019-07-08,-16000.0
2019-07-09,800.0
2019-07-10,8000.0
2019-07-11,7000.0
2019-07-12,-8200.0
2019-07-15,5600.0
2019-07-16,1800.0
2019-07-17,-4600.0
2019-07-18,-42600.0
2019-07-19,4800.0
2019-07-22,0.0
2019-07-23,-7400.0
2019-07-24,-8800.0
2019-07-25,1800.0
2019-07-26,-3400.0
2019-07-29,2400.0
2019-07-30,-3400.0
2019-07-31,-9600.0
2019-08-01,-20800.0
2019-08-02,-30600.0
2019-08-05,-8600.0
2019-08-06,-23000.0
2019-08-07,0.0
2019-08-08,9600.0
2019-08-12,-2800.0
2019-08-13,-13000.0
2019-08-14,1200.0
2019-08-15,-21000.0
2019-08-16,17800.0
2019-08-19,-2200.0
2019-08-20,5600.0
2019-08-21,-800.0
2019-08-22,-16800.0
2019-08-23,10000.0
2019-08-26,-30200.0
2019-08-27,-2000.0
2019-08-28,1800.0
2019-08-29,9800.0
2019-08-30,29600.0
2019-09-02,9200.0
2019-09-03,-7600.0
2019-09-04,15800.0
2019-09-05,8800.0
2019-09-06,6800.0
2019-09-09,200.0
2019-09-10,-6800.0
2019-09-11,3600.0
2019-09-12,7600.0
2019-09-16,25400.0
2019-09-17,-8600.0
2019-09-18,7800.0
2019-09-19,-17800.0
2019-09-20,7400.0
2019-09-23,-3800.0
2019-09-24,0.0
2019-09-25,-11800.0
2019-09-26,-7400.0
2019-09-27,-12400.0
2019-10-01,6400.0
2019-10-02,-10800.0
2019-10-03,-17200.0
2019-10-04,-200.0
2019-10-07,7800.0
2019-10-08,4800.0
2019-10-09,-23200.0
2019-10-14,27800.0
2019-10-15,4800.0
2019-10-16,25400.0
2019-10-17,-5400.0
2019-10-18,3600.0
2019-10-21,18400.0
2019-10-22,8400.0
2019-10-23,-17800.0
2019-10-24,17400.0
2019-10-25,-3200.0
2019-10-28,3600.0
2019-10-29,-1600.0
2019-10-30,14000.0
2019-10-31,-9800.0
2019-11-01,0.0
2019-11-04,19000.0
2019-11-05,16000.0
2019-11-06,-9000.0
2019-11-07,-1400.0
2019-11-08,-9200.0
2019-11-11,-14000.0
2019-11-12,-6200.0
2019-11-13,-8000.0
2019-11-14,-6000.0
2019-11-15,10000.0
2019-11-18,3400.0
2019-11-19,2400.0
2019-11-20,400.0
2019-11-21,-11600.0
2019-11-22,6800.0
2019-11-25,11600.0
2019-11-26,12200.0
2019-11-27,-116000.0
2019-11-28,112000.0
2019-11-29,-23800.0
2019-12-02,400.0
2019-12-03,5400.0
2019-12-04,-2400.0
2019-12-05,-2400.0
2019-12-06,0.0
2019-12-09,2800.0
2019-12-10,-9000.0
2019-12-11,6000.0
2019-12-12,6600.0
2019-12-13,3600.0
2019-12-16,8800.0
2019-12-17,18600.0
2019-12-18,12000.0
2019-12-19,1400.0
2019-12-20,4200.0
2019-12-23,12000.0
2019-12-24,-8000.0
2019-12-25,-400.0
2019-12-26,-3800.0
2019-12-27,15000.0
2019-12-30,1800.0
2019-12-31,-9000.0
2020-01-02,3800.0
2020-01-03,5600.0
2020-01-06,-10200.0
2020-01-07,-12600.0
2020-01-08,-18800.0
2020-01-09,12800.0
2020-01-10,7600.0
2020-01-13,18800.0
2020-01-14,-5600.0
2020-01-15,-11400.0
2020-01-16,-600.0
2020-01-17,16200.0
2020-01-20,6000.0
2020-01-30,-154000.0
2020-01-31,16000.0
2020-02-03,-31800.0
2020-02-04,24800.0
2020-02-05,-8800.0
2020-02-06,40400.0
2020-02-07,-32000.0
2020-02-10,2000.0
2020-02-11,4200.0
2020-02-12,3600.0
2020-02-13,12400.0
2020-02-14,6600.0
2020-02-17,400.0
2020-02-18,-6600.0
2020-02-19,24200.0
2020-02-20,-16400.0
2020-02-21,-7800.0
2020-02-24,-29400.0
2020-02-25,-1800.0
2020-02-26,-19800.0
2020-02-27,-17000.0
2020-03-02,-15800.0
2020-03-03,12000.0
2020-03-04,14000.0
2020-03-05,18800.0
2020-03-06,-38200.0
2020-03-09,-60600.0
2020-03-10,-10400.0
2020-03-11,-19600.0
2020-03-12,-103600.0
2020-03-13,-120200.0
2020-03-16,-44000.0
2020-03-17,-67400.0
2020-03-18,-22200.0
2020-03-19,-203000.0
2020-03-20,109600.0
2020-03-23,-63600.0
2020-03-24,109800.0
2020-03-25,89800.0
2020-03-26,17400.0
2020-03-27,-1400.0
2020-03-30,14200.0
2020-03-31,3200.0
2020-04-01,-15800.0
2020-04-06,61600.0
2020-04-07,36400.0
2020-04-08,31400.0
2020-04-09,-400.0
2020-04-10,18000.0
2020-04-13,-6400.0
2020-04-14,40800.0
2020-04-15,29400.0
2020-04-16,-38000.0
2020-04-17,12400.0
2020-04-20,-15600.0
2020-04-21,-49200.0
2020-04-22,800.0
2020-04-23,19600.0
2020-04-24,-2400.0
2020-04-27,61200.0
2020-04-28,18400.0
2020-04-29,48400.0
2020-04-30,62400.0
2020-05-04,-72800.0
2020-05-05,29000.0
2020-05-06,11000.0
2020-05-07,4400.0
2020-05-08,17000.0
2020-05-11,12600.0
2020-05-12,-26600.0
2020-05-13,6600.0
2020-05-14,-33800.0
2020-05-15,3000.0
2020-05-18,32400.0
2020-05-19,31600.0
2020-05-20,-1400.0
2020-05-21,14400.0
2020-05-22,-45600.0
2020-05-25,17400.0
2020-05-26,37600.0
2020-05-27,-4800.0
2020-05-28,-16400.0
2020-05-29,7000.0
2020-06-01,12400.0
2020-06-02,12600.0
2020-06-03,37400.0
2020-06-04,10000.0
2020-06-05,15800.0
2020-06-08,20000.0
2020-06-09,17800.0
2020-06-10,16200.0
2020-06-11,-56400.0
2020-06-12,-27200.0
2020-06-15,-24600.0
2020-06-16,58200.0
2020-06-17,11200.0
2020-06-18,-37200.0
2020-06-19,-1200.0
2020-06-22,-8000.0
2020-06-23,11000.0
2020-06-24,-4200.0
2020-06-29,-30400.0
2020-06-30,24200.0
2020-07-01,5200.0
2020-07-02,30400.0
2020-07-03,3200.0
2020-07-06,39800.0
2020-07-07,-20000.0
2020-07-08,13200.0
2020-07-09,-4000.0
2020-07-10,-43800.0
2020-07-13,40400.0
2020-07-14,-26200.0
2020-07-15,18600.0
2020-07-16,-37000.0
2020-07-17,-21800.0
2020-07-20,-600.0
2020-07-21,20400.0
2020-07-22,-400.0
2020-07-23,-7400.0
2020-07-24,-49400.0
2020-07-27,-20800.0
2020-07-28,-31600.0
2020-07-29,17000.0
2020-07-30,18600.0
2020-07-31,-2800.0
2020-08-03,-14200.0
2020-08-04,35600.0
2020-08-05,8000.0
2020-08-06,18200.0
2020-08-07,0.0
2020-08-10,28000.0
2020-08-11,-7600.0
2020-08-12,-10600.0
2020-08-13,15000.0
2020-08-14,13800.0
2020-08-17,41200.0
2020-08-18,6400.0
2020-08-19,-4600.0
2020-08-20,-84400.0
2020-08-21,38000.0
2020-08-24,800.0
2020-08-25,20800.0
2020-08-26,9200.0
2020-08-27,-12000.0
2020-08-28,12400.0
2020-08-31,-2400.0
2020-09-01,-6400.0
2020-09-02,-2600.0
2020-09-03,8400.0
2020-09-04,-16000.0
2020-09-07,28800.0
2020-09-08,3800.0
2020-09-09,-1600.0
2020-09-10,-1400.0
2020-09-11,-13800.0
2020-09-14,3800.0
2020-09-15,5800.0
2020-09-16,2400.0
2020-09-17,-5600.0
2020-09-18,18200.0
2020-09-21,-15600.0
2020-09-22,-37400.0
2020-09-23,-7200.0
2020-09-24,-70400.0
2020-09-25,10200.0
2020-09-28,26800.0
2020-09-29,5200.0
2020-09-30,-3800.0
2020-10-05,23800.0
2020-10-06,29200.0
2020-10-07,7200.0
2020-10-08,-1400.0
2020-10-12,-3400.0
2020-10-13,-8600.0
2020-10-14,5000.0
2020-10-15,-12000.0
2020-10-16,-7600.0
2020-10-19,20000.0
2020-10-20,-800.0
2020-10-21,2800.0
2020-10-22,-2600.0
2020-10-23,15400.0
2020-10-26,6800.0
2020-10-27,-6600.0
2020-10-28,-3600.0
2020-10-29,-21200.0
2020-10-30,-29600.0
2020-11-02,17600.0
2020-11-03,30600.0
2020-11-04,10800.0
2020-11-05,12800.0
2020-11-06,4400.0
2020-11-09,35800.0
2020-11-10,27400.0
2020-11-11,57200.0
2020-11-12,-21600.0
2020-11-13,6400.0
2020-11-16,14200.0
2020-11-17,12200.0
2020-11-18,13400.0
2020-11-19,10000.0
2020-11-20,5000.0
2020-11-23,13800.0
2020-11-24,-23800.0
2020-11-25,14200.0
2020-11-26,17200.0
2020-11-27,2200.0
2020-11-30,-41200.0
2020-12-01,23400.0
2020-12-02,-7200.0
2020-12-03,11200.0
2020-12-04,19200.0
2020-12-07,-16000.0
2020-12-08,-3600.0
2020-12-09,21200.0
2020-12-10,-6200.0
2020-12-11,-11000.0
2020-12-14,10400.0
2020-12-15,-15600.0
2020-12-16,48200.0
2020-12-17,-16600.0
2020-12-18,-8600.0
2020-12-21,46600.0
2020-12-22,-59400.0
2020-12-23,6600.0
2020-12-24,25200.0
2020-12-25,7200.0
2020-12-28,38800.0
2020-12-29,10000.0
2020-12-30,48000.0
2020-12-31,-10800.0
2021-01-04,18600.0
2021-01-05,200.0
2021-01-06,-47800.0
2021-01-07,31000.0
2021-01-08,28400.0
2021-01-11,2600.0
2021-01-12,-37400.0
2021-01-13,15600.0
2021-01-14,-8800.0
2021-01-15,-62600.0
2021-01-18,-13600.0
2021-01-19,11200.0
2021-01-20,-71200.0
2021-01-21,3800.0
2021-01-22,17200.0
2021-01-25,20400.0
2021-01-26,-32600.0
2021-01-27,-5200.0
2021-01-28,-22200.0
2021-01-29,-70800.0
2021-02-01,38000.0
2021-02-02,46800.0
2021-02-03,-1600.0
2021-02-04,7200.0
2021-02-05,-1200.0
2021-02-17,58400.0
2021-02-18,34600.0
2021-02-19,4600.0
2021-02-22,31400.0
2021-02-23,59200.0
2021-02-24,-21200.0
2021-02-25,35000.0
2021-02-26,-51000.0
2021-03-02,-20000.0
2021-03-03,65000.0
2021-03-04,-1200.0
2021-03-05,-23400.0
2021-03-08,27200.0
2021-03-09,16600.0
2021-03-10,11800.0
2021-03-11,27400.0
2021-03-12,-3800.0
2021-03-15,-13000.0
2021-03-16,15400.0
2021-03-17,-18800.0
2021-03-18,-2800.0
2021-03-19,-29000.0
2021-03-22,32000.0
2021-03-23,-12200.0
2021-03-24,5400.0
2021-03-25,10200.0
2021-03-26,36200.0
2021-03-29,21600.0
2021-03-30,16800.0
2021-03-31,16400.0
2021-04-01,-400.0
2021-04-06,33800.0
2021-04-07,3000.0
2021-04-08,40000.0
2021-04-09,8600.0
2021-04-12,42000.0
2021-04-13,5800.0
2021-04-14,6400.0
2021-04-15,41600.0
2021-04-16,76600.0
2021-04-19,89600.0
2021-04-20,2200.0
2021-04-21,16200.0
2021-04-22,-29600.0
2021-04-23,3400.0
2021-04-26,37000.0
2021-04-27,25000.0
2021-04-28,-2400.0
2021-04-29,7200.0
2021-05-03,-7200.0
2021-05-04,-115800.0
2021-05-05,33800.0
2021-05-06,46200.0
2021-05-07,13800.0
2021-05-10,89800.0
2021-05-11,-91000.0
2021-05-12,-276200.0
2021-05-13,-40800.0
2021-05-14,5000.0
2021-05-17,-118800.0
2021-05-18,183400.0
2021-05-19,22400.0
2021-05-20,-38600.0
2021-05-21,91000.0
2021-05-24,1000.0
2021-05-25,13800.0
2021-05-26,32600.0
2021-05-27,-21000.0
2021-05-28,95600.0
2021-05-31,-8000.0
2021-06-01,53600.0
2021-06-02,56800.0
2021-06-03,30800.0
2021-06-04,-29400.0
2021-06-07,-17600.0
2021-06-08,12600.0
2021-06-09,-40000.0
2021-06-10,20600.0
2021-06-11,21600.0
2021-06-15,51000.0
2021-06-16,-200.0
2021-06-17,-10400.0
2021-06-18,2800.0
2021-06-21,18800.0
2021-06-22,61800.0
2021-06-23,-16000.0
2021-06-24,63000.0
2021-06-25,43200.0
2021-06-28,72400.0
2021-06-29,-24800.0
2021-06-30,83400.0
2021-07-01,18200.0
2021-07-02,600.0
2021-07-05,37600.0
2021-07-06,21600.0
2021-07-07,-62400.0
2021-07-08,27000.0
2021-07-09,-64800.0
2021-07-12,-12200.0
2021-07-13,-75600.0
2021-07-14,-45600.0
2021-07-15,83000.0
2021-07-16,17400.0
2021-07-19,8600.0
2021-07-20,-93600.0
2021-07-21,-68000.0
2021-07-22,-52600.0
2021-07-23,34800.0
2021-07-26,-87000.0
2021-07-27,-26000.0
2021-07-28,-14200.0
2021-07-29,123200.0
2021-07-30,-77200.0
2021-08-02,80200.0
2021-08-03,-14600.0
2021-08-04,14400.0
2021-08-05,-35600.0
2021-08-06,1800.0
2021-08-09,14000.0
2021-08-10,-36000.0
2021-08-11,-31000.0
2021-08-12,19200.0
2021-08-13,-45400.0
2021-08-16,-53600.0
2021-08-17,-51200.0
2021-08-18,73600.0
2021-08-19,-107600.0
2021-08-20,-8800.0
2021-08-23,112200.0
2021-08-24,16000.0
2021-08-25,28200.0
2021-08-26,-19000.0
2021-08-27,46400.0
2021-08-30,22600.0
2021-08-31,13000.0
2021-09-01,-42400.0
2021-09-02,-38000.0
2021-09-03,18600.0
2021-09-06,-50800.0
2021-09-07,34000.0
2021-09-08,-21600.0
2021-09-09,-5200.0
2021-09-10,67000.0
2021-09-13,30200.0
2021-09-14,-1600.0
2021-09-15,-2000.0
2021-09-16,-19600.0
2021-09-17,3200.0
2021-09-22,-73600.0
2021-09-23,40200.0
2021-09-24,29600.0
2021-09-27,9600.0
2021-09-28,-12200.0
2021-09-29,-36600.0
2021-09-30,23400.0
2021-10-01,-120400.0
2021-10-04,-40400.0
2021-10-05,22400.0
2021-10-06,-28200.0
2021-10-07,72000.0
2021-10-08,-19400.0
2021-10-12,-65800.0
2021-10-13,-5000.0
2021-10-14,15000.0
2021-10-15,34000.0
2021-10-18,13000.0
2021-10-19,6600.0
2021-10-20,-15600.0
2021-10-21,800.0
2021-10-22,-34600.0
2021-10-25,32200.0
2021-10-26,29400.0
2021-10-27,-7400.0
2021-10-28,-11400.0
2021-10-29,-1200.0
2021-11-01,15600.0
2021-11-02,3000.0
2021-11-03,20200.0
2021-11-04,-4200.0
2021-11-05,16000.0
2021-11-08,60000.0
2021-11-09,-10000.0
2021-11-10,-4000.0
2021-11-11,-24200.0
2021-11-12,5000.0
2021-11-15,3600.0
2021-11-16,12200.0
2021-11-17,-15400.0
2021-11-18,26200.0
2021-11-19,-28800.0
2021-11-22,-1000.0
2021-11-23,-23800.0
2021-11-24,35000.0
2021-11-25,6000.0
2021-11-26,-66600.0
2021-11-29,-22000.0
2021-11-30,-2400.0
2021-12-01,37200.0
2021-12-02,15800.0
2021-12-03,2200.0
2021-12-06,31200.0
2021-12-07,37200.0
2021-12-08,19200.0
2021-12-09,16800.0
2021-12-10,-31000.0
2021-12-13,-18200.0
2021-12-14,-34200.0
2021-12-15,7200.0
2021-12-16,13200.0
2021-12-17,15400.0
2021-12-20,-24800.0
2021-12-21,45400.0
2021-12-22,-5600.0
2021-12-23,11600.0
2021-12-24,6000.0
2021-12-27,11200.0
2021-12-28,21200.0
2021-12-29,13600.0
2021-12-30,-15800.0
